t;pixelx;pixely;frame;
0,00;1032;506,5;0;
0,02;1040,5;505,5;1;
0,03;1051;504;2;
0,05;1063;508,5;3;
0,07;1076;518;4;
0,08;1086;520;5;
0,10;1094;511,5;6;
0,12;1105;500,5;7;
0,13;1117;492,5;8;
0,15;1127,5;491;9;
0,17;1137;491;10;
0,18;1149;487;11;
0,20;1160;481;12;
0,22;1169;476;13;
0,23;1177;474,5;14;
0,25;1188;476,5;15;
0,27;1199;480;16;
0,28;1185,5;476;17;
0,30;1162,5;468,5;18;
0,32;1142,5;465,5;19;
0,33;1123,5;469;20;
0,35;1104;472,5;21;
0,37;1083;473;22;
0,38;1063;472;23;
0,40;1044;472,5;24;
0,42;1028;475,5;25;
0,43;1008,5;481;26;
0,45;988,5;489;27;
0,47;969;494;28;
0,48;953;495,5;29;
0,50;935;503,5;30;
0,52;916,5;513,5;31;
0,53;899;523;32;
0,55;882;533,5;33;
0,57;865,5;541;34;
0,58;847,5;548,5;35;
0,60;829;561;36;
0,62;813,5;575;37;
0,63;799;578;38;
0,65;781;573;39;
0,67;762;567,5;40;
0,68;746;563,5;41;
0,70;;;;
0,72;;;;
0,73;;;;
0,75;789,5;532;45;
0,77;816;522;46;
0,78;847,5;512;47;
0,80;877;507;48;
0,82;907;503;49;
0,83;935;494;50;
0,85;962,5;488,5;51;
0,87;986;485;52;
0,88;1012;484,5;53;
0,90;1036,5;486;54;
0,92;1061,5;486;55;
0,93;1083,5;488;56;
0,95;1103;488,5;57;
0,97;1121,5;487,5;58;
0,98;1144;473;59;
1,00;1169;463;60;
1,02;1191,5;449;61;
1,03;1201;441,5;62;
1,05;1177,5;439,5;63;
1,07;1157,5;442;64;
1,08;1133,5;443,5;65;
1,10;1111;447;66;
1,12;1090;449;67;
1,13;1066,5;453;68;
1,15;1043;457,5;69;
1,17;1023,5;465;70;
1,18;1002;474,5;71;
1,20;983,5;481,5;72;
1,22;960;491;73;
1,23;938,5;499,5;74;
1,25;917;511;75;
1,27;898;522,5;76;
1,28;881,5;535;77;
1,30;859,5;548;78;
1,32;838;560,5;79;
1,33;819;577;80;
1,35;798,5;584;81;
1,37;778,5;582;82;
1,38;757,5;580,5;83;
1,40;738;580,5;84;
1,42;;;;
1,43;;;;
1,45;;;;
1,47;792;548,5;88;
1,48;832;536;89;
1,50;871,5;525;90;
1,52;907,5;518,5;91;
1,53;938;512,5;92;
1,55;980;507,5;93;
1,57;1012;504;94;
1,58;1048;500,5;95;
1,60;1077,5;498,5;96;
1,62;1108,5;499,5;97;
1,63;1138;502;98;
1,65;1169,5;505,5;99;
1,67;1196;509;100;
1,69;1220;507,5;101;
1,70;1252,5;489;102;
1,72;1281;475,5;103;
1,74;1305;465,5;104;
1,75;1332;455,5;105;
1,77;1359,5;447;106;
1,79;1375,5;438;107;
1,80;1332;437;108;
1,82;1296,5;439;109;
1,84;1257,5;443;110;
1,85;1216;447;111;
1,87;1176,5;451,5;112;
1,89;1137;457;113;
1,90;1098;465;114;
1,92;1060;474;115;
1,94;1023,5;483,5;116;
1,95;986,5;496,5;117;
1,97;953;504,5;118;
1,99;917;518,5;119;
2,00;884;532;120;
2,02;850;548;121;
2,04;817;554,5;122;
2,05;778;548,5;123;
2,07;741,5;546,5;124;
2,09;707;542;125;
2,10;674;542,5;126;
2,12;639,5;543;127;
2,14;604,5;545,5;128;
2,15;;;;
2,17;615,5;534,5;130;
2,19;654,5;526,5;131;
2,20;687;522,5;132;
2,22;725,5;519,5;133;
2,24;756,5;514,5;134;
2,25;789,5;512;135;
2,27;820,5;511;136;
2,29;852,5;512;137;
2,30;881;515;138;
2,32;910,5;518;139;
2,34;921,5;518;140;
2,35;922;518;141;
2,37;922;518;142;
2,39;925,5;519,5;143;
2,40;925,5;523,5;144;
2,42;925,5;527;145;
2,44;925,5;528;146;
2,45;925,5;531,5;147;
2,47;926,5;535,5;148;
2,49;926,5;542;149;
2,50;927,5;543;150;
2,52;929,5;540,5;151;
2,54;930;540;152;
2,55;931;539,5;153;
2,57;935;538;154;
2,59;935;539;155;
2,60;936;541;156;
2,62;936;542;157;
2,64;937;544;158;
2,65;938,5;548;159;
2,67;940;553,5;160;
2,69;940;557;161;
2,70;942;555,5;162;
2,72;945;553;163;
2,74;947;553;164;
2,75;947,5;553;165;
2,77;949,5;554,5;166;
2,79;952;556;167;
2,80;954;556;168;
2,82;954;557,5;169;
2,84;957;561,5;170;
2,85;960,5;564;171;
2,87;962,5;564;172;
2,89;964;561;173;
2,90;966;560;174;
2,92;969;560;175;
2,94;971;562;176;
2,95;973,5;564,5;177;
2,97;976;566;178;
2,99;978;568;179;
3,00;981,5;568;180;
3,02;985,5;566,5;181;
3,04;988,5;566,5;182;
3,05;991;566;183;
3,07;995;565,5;184;
3,09;998;566;185;
3,10;999,5;567,5;186;
3,12;1003;571,5;187;
3,14;1007;572,5;188;
3,15;1011;572;189;
3,17;1015;570;190;
3,19;1019;569;191;
3,20;1021,5;569;192;
3,22;1026;569,5;193;
3,24;1030;571;194;
3,25;1033;572,5;195;
3,27;1035,5;574;196;
3,29;1041,5;574;197;
3,30;1045;572,5;198;
3,32;1050;571,5;199;
3,34;1054,5;572;200;
3,35;1059;571;201;
3,37;1063,5;572;202;
3,39;1067;572;203;
3,40;1072,5;575;204;
3,42;1077,5;576;205;
3,44;1082;574;206;
3,45;1087;572;207;
3,47;1091,5;572;208;
3,49;1096;572;209;
3,50;1101,5;574;210;
3,52;1107;575;211;
3,54;1112;574;212;
3,55;1116,5;571,5;213;
3,57;1122;571,5;214;
3,59;1128,5;572;215;
3,60;1134;573,5;216;
3,62;1139;572,5;217;
3,64;1143,5;574,5;218;
3,65;1144;578;219;
3,67;1146,5;580,5;220;
3,69;1147;583;221;
3,70;1148;587;222;
3,72;1149;590;223;
3,74;1150;595,5;224;
3,75;1151;602;225;
3,77;1151,5;608;226;
3,79;1154;615,5;227;
3,80;1154;622;228;
3,82;1155;628,5;229;
3,84;1155,5;636,5;230;
3,85;1156,5;646,5;231;
3,87;1158;655,5;232;
3,89;1160;666,5;233;
3,90;1161;676;234;
3,92;1161;686,5;235;
3,94;1161;699;236;
3,95;1162;712;237;
3,97;1162,5;723,5;238;
3,99;1163;736,5;239;
4,00;1163;748,5;240;
4,02;1163;764;241;
4,04;;;;
4,05;;;;
4,07;;;;
4,09;;;;
4,10;;;;
4,12;;;;
4,14;;;;
4,15;;;;
4,17;;;;
4,19;;;;
4,20;;;;
4,22;;;;
4,24;;;;
4,25;;;;
4,27;;;;
4,29;;;;
4,30;;;;
4,32;;;;
4,34;;;;
4,35;;;;
4,37;;;;
4,39;;;;
4,40;;;;
4,42;;;;
4,44;;;;
4,45;;;;
4,47;;;;
4,49;;;;
4,50;;;;
4,52;;;;
4,54;;;;
4,55;;;;
4,57;;;;
4,59;;;;
4,60;;;;
4,62;;;;
4,64;;;;
4,65;;;;
4,67;;;;
4,69;;;;
4,70;;;;
4,72;;;;
4,74;;;;
4,75;;;;
4,77;;;;
4,79;;;;
4,80;;;;
4,82;;;;
4,84;;;;
4,85;;;;
4,87;;;;
4,89;;;;
4,90;;;;
4,92;;;;
4,94;;;;
4,95;;;;
4,97;;;;
4,99;;;;
5,01;;;;
5,02;;;;
5,04;;;;
5,06;;;;
5,07;;;;
5,09;;;;
5,11;;;;
5,12;;;;
5,14;;;;
5,16;;;;
5,17;;;;
5,19;;;;
5,21;;;;
5,22;;;;
5,24;;;;
5,26;;;;
5,27;;;;
5,29;;;;
5,31;;;;
5,32;;;;
5,34;;;;
5,36;;;;
5,37;;;;
5,39;;;;
5,41;;;;
5,42;;;;
5,44;;;;
5,46;;;;
5,47;;;;
5,49;;;;
5,51;;;;
5,52;;;;
5,54;;;;
5,56;;;;
5,57;;;;
5,59;;;;
5,61;;;;
5,62;;;;
5,64;;;;
5,66;;;;
5,67;;;;
5,69;;;;
5,71;;;;
5,72;;;;
5,74;;;;
5,76;;;;
5,77;;;;
5,79;;;;
5,81;;;;
5,82;;;;
5,84;;;;
5,86;;;;
5,87;;;;
5,89;;;;
5,91;;;;
5,92;;;;
5,94;;;;
5,96;;;;
5,97;;;;
5,99;;;;
6,01;;;;
6,02;;;;
6,04;;;;
6,06;;;;
6,07;;;;
6,09;;;;
6,11;;;;
6,12;;;;
6,14;;;;
6,16;786,5;427,5;369;
6,17;781,5;399,5;370;
6,19;778,5;373,5;371;
6,21;776,5;349;372;
6,22;772,5;321,5;373;
6,24;769,5;298;374;
6,26;767;275,5;375;
6,27;763;251,5;376;
6,29;761;229,5;377;
6,31;758,5;208,5;378;
6,32;756,5;189,5;379;
6,34;753;170;380;
6,36;750,5;151;381;
6,37;749;133,5;382;
6,39;747,5;115,5;383;
6,41;745;100;384;
6,42;743;84;385;
6,44;740,5;69;386;
6,46;738;53;387;
6,47;736;39;388;
6,49;733,5;27,5;389;
6,51;732,5;15,5;390;
6,52;730;3,5;391;
6,54;;;;
6,56;;;;
6,57;;;;
6,59;;;;
6,61;;;;
6,62;;;;
6,64;;;;
6,66;;;;
6,67;;;;
6,69;;;;
6,71;;;;
6,72;;;;
6,74;;;;
6,76;;;;
6,77;;;;
6,79;;;;
6,81;;;;
6,82;;;;
6,84;;;;
6,86;;;;
6,87;;;;
6,89;;;;
6,91;;;;
6,92;;;;
6,94;;;;
6,96;;;;
6,97;;;;
6,99;;;;
7,01;;;;
7,02;;;;
7,04;;;;
7,06;;;;
7,07;;;;
7,09;;;;
7,11;;;;
7,12;668,5;9,5;427;
7,14;667;20;428;
7,16;665;30,5;429;
7,17;663;44;430;
7,19;663;57,5;431;
7,21;661,5;71,5;432;
7,22;659;85,5;433;
7,24;658;99,5;434;
7,26;656,5;113,5;435;
7,27;653,5;129;436;
7,29;653,5;145,5;437;
7,31;652;162,5;438;
7,32;649,5;180,5;439;
7,34;647;197,5;440;
7,36;647;216;441;
7,37;646;231,5;442;
7,39;642,5;253,5;443;
7,41;641;272,5;444;
7,42;640;292;445;
7,44;638;312;446;
7,46;636,5;332;447;
7,47;635,5;352,5;448;
7,49;633,5;374,5;449;
7,51;631;396,5;450;
7,52;630,5;417,5;451;
7,54;629;439,5;452;
7,56;625,5;464,5;453;
7,57;625;486,5;454;
7,59;624;508,5;455;
7,61;623;531,5;456;
7,62;624;551;457;
7,64;641,5;551,5;458;
7,66;660,5;554,5;459;
7,67;679,5;556,5;460;
7,69;698;559,5;461;
7,71;712;561,5;462;
7,72;730,5;565;463;
7,74;744;565,5;464;
7,76;760;553,5;465;
7,77;774;545;466;
7,79;788;538,5;467;
7,81;801,5;530,5;468;
7,82;818;524;469;
7,84;832;518,5;470;
7,86;846;513;471;
7,87;858;508,5;472;
7,89;872;503,5;473;
7,91;885;500,5;474;
7,92;900;497;475;
7,94;913,5;495;476;
7,96;925;496;477;
7,97;939;494;478;
7,99;952,5;493;479;
8,01;963;493,5;480;
8,02;977;493,5;481;
8,04;991,5;496,5;482;
8,06;1001;499;483;
8,07;1015;501;484;
8,09;1027;504,5;485;
8,11;1040;508,5;486;
8,12;1052,5;514;487;
8,14;1062;516;488;
8,16;1072;508;489;
8,17;1082,5;502;490;
8,19;1094;496;491;
8,21;1104;492;492;
8,22;1114;486;493;
8,24;1125;482,5;494;
8,26;1133;478;495;
8,27;1143,5;476,5;496;
8,29;1154;474,5;497;
8,31;1163;472,5;498;
8,32;1172,5;472;499;
8,34;1183,5;472;500;
8,36;1193;472;501;
8,38;1197;473;502;
8,39;1183;472,5;503;
8,41;1171;474,5;504;
8,43;1159;476;505;
8,44;1146;480;506;
8,46;1135;483;507;
8,48;1123,5;485,5;508;
8,49;1111,5;489;509;
8,51;1101;492,5;510;
8,53;1089,5;498;511;
8,54;1078,5;503,5;512;
8,56;1068;508,5;513;
8,58;1059;514;514;
8,59;1049;520,5;515;
8,61;1038,5;528;516;
8,63;1028,5;535,5;517;
8,64;1018;544;518;
8,66;1009,5;552;519;
8,68;999,5;561,5;520;
8,69;991;570;521;
8,71;979;579,5;522;
8,73;971,5;589,5;523;
8,74;965;589;524;
8,76;957,5;587;525;
8,78;950;586;526;
8,79;944,5;585;527;
8,81;938;584,5;528;
8,83;932,5;584,5;529;
8,84;926,5;586,5;530;
8,86;920,5;588;531;
8,88;914,5;591;532;
8,89;909;592;533;
8,91;903;596;534;
8,93;897,5;600,5;535;
8,94;890,5;605,5;536;
8,96;886,5;610;537;
8,98;880,5;615;538;
8,99;875,5;623;539;
9,01;870,5;630;540;
9,03;866;636;541;
9,04;;;;
9,06;891,5;613,5;543;
9,08;909;598;544;
9,09;924,5;584;545;
9,11;942,5;570,5;546;
9,13;958;558,5;547;
9,14;972,5;549,5;548;
9,16;986,5;541;549;
9,18;1000,5;534;550;
9,19;1012,5;528,5;551;
9,21;1026,5;522,5;552;
9,23;1039,5;519;553;
9,24;1051;516;554;
9,26;1062,5;513;555;
9,28;1071,5;512,5;556;
9,29;1080,5;513,5;557;
9,31;1091;514;558;
9,33;1099,5;515,5;559;
9,34;1107,5;518;560;
9,36;1118;508;561;
9,38;1128,5;495;562;
9,39;1137,5;485;563;
9,41;1147;474;564;
9,43;1156;465,5;565;
9,44;1165;457;566;
9,46;1171,5;450,5;567;
9,48;1180;443;568;
9,49;1185,5;438;569;
9,51;1190;434,5;570;
9,53;1169,5;434;571;
9,54;1144;431,5;572;
9,56;1120,5;433,5;573;
9,58;1098;433,5;574;
9,59;1074;434,5;575;
9,61;1050,5;440;576;
9,63;1029,5;444;577;
9,64;1006;450;578;
9,66;984,5;454;579;
9,68;964;460;580;
9,69;942;468,5;581;
9,71;919,5;477;582;
9,73;898,5;486;583;
9,74;878;495;584;
9,76;855,5;506;585;
9,78;837,5;518;586;
9,79;814;530;587;
9,81;794;542;588;
9,83;775,5;555,5;589;
9,84;755;568,5;590;
9,86;738;583,5;591;
9,88;719,5;582,5;592;
9,89;700,5;576;593;
9,91;683;572,5;594;
9,93;666,5;569;595;
9,94;651;566,5;596;
9,96;635;565;597;
9,98;616;565;598;
9,99;599,5;564;599;
10,01;583;565;600;
10,03;567,5;567;601;
10,04;550;569;602;
10,06;533,5;571,5;603;
10,08;515,5;575;604;
10,09;501,5;579;605;
10,11;;;;
10,13;;;;
10,14;;;;
10,16;;;;
10,18;534;549,5;610;
10,19;579;528;611;
10,21;624;508;612;
10,23;671;489;613;
10,24;713;474;614;
10,26;755;462;615;
10,28;793;451;616;
10,29;835,5;442,5;617;
10,31;876;435;618;
10,33;913,5;429;619;
10,34;945,5;427,5;620;
10,36;983;424,5;621;
10,38;1020;424,5;622;
10,39;1052,5;426;623;
10,41;1084;426,5;624;
10,43;1117;430;625;
10,44;1147,5;437,5;626;
10,46;1175;442;627;
10,48;1204,5;449;628;
10,49;1231,5;458;629;
10,51;1256,5;468;630;
10,53;1282;476;631;
10,54;1306,5;487,5;632;
10,56;1332;500,5;633;
10,58;1354,5;512;634;
10,59;1376,5;524,5;635;
10,61;1398;538,5;636;
10,63;1420;552;637;
10,64;1440;566;638;
10,66;1459,5;583;639;
10,68;1479,5;600;640;
10,69;1499;598;641;
10,71;1520;578,5;642;
10,73;1542;561,5;643;
10,74;1562;547;644;
10,76;1585,5;532;645;
10,78;1606;519;646;
10,79;1626;505,5;647;
10,81;1648,5;494;648;
10,83;1667,5;486;649;
10,84;1687,5;476,5;650;
10,86;1706;468,5;651;
10,88;1725,5;461;652;
10,89;1744,5;454,5;653;
10,91;1763,5;448,5;654;
10,93;1781,5;446,5;655;
10,94;1798;441;656;
10,96;1816,5;438,5;657;
10,98;1835,5;436;658;
10,99;1850,5;435;659;
11,01;1868,5;435,5;660;
11,03;1886;435,5;661;
11,04;1902;437,5;662;
11,06;1916,5;439,5;663;
11,08;;;;
11,09;;;;
11,11;;;;
11,13;;;;
11,14;;;;
11,16;;;;
11,18;;;;
11,19;;;;
11,21;;;;
11,23;;;;
11,24;;;;
11,26;;;;
11,28;;;;
11,29;;;;
11,31;;;;
11,33;;;;
11,34;;;;
11,36;;;;
11,38;;;;
11,39;;;;
11,41;;;;
11,43;;;;
11,44;;;;
11,46;;;;
11,48;;;;
11,49;;;;
11,51;;;;
11,53;;;;
11,54;;;;
11,56;;;;
11,58;;;;
11,59;;;;
11,61;;;;
11,63;;;;
11,64;;;;
11,66;;;;
11,68;;;;
11,70;;;;
11,71;;;;
11,73;;;;
11,75;;;;
11,76;;;;
11,78;;;;
11,80;;;;
11,81;;;;
11,83;;;;
11,85;;;;
11,86;;;;
11,88;;;;
11,90;;;;
11,91;;;;
11,93;;;;
11,95;;;;
11,96;;;;
11,98;;;;
12,00;;;;
12,01;;;;
12,03;;;;
12,05;;;;
12,06;;;;
12,08;;;;
12,10;;;;
12,11;;;;
12,13;;;;
12,15;;;;
12,16;;;;
12,18;;;;
12,20;;;;
12,21;;;;
12,23;;;;
12,25;;;;
12,26;;;;
12,28;;;;
12,30;;;;
12,31;;;;
12,33;;;;
12,35;;;;
12,36;;;;
12,38;;;;
12,40;;;;
12,41;;;;
12,43;;;;
12,45;;;;
12,46;;;;
12,48;;;;
12,50;;;;
12,51;;;;
12,53;;;;
12,55;;;;
12,56;;;;
12,58;;;;
12,60;;;;
12,61;;;;
12,63;;;;
12,65;;;;
12,66;;;;
12,68;;;;
12,70;;;;
12,71;;;;
12,73;;;;
12,75;;;;
12,76;;;;
12,78;;;;
12,80;;;;
12,81;;;;
12,83;;;;
12,85;;;;
12,86;;;;
12,88;;;;
12,90;;;;
12,91;;;;
12,93;;;;
12,95;;;;
12,96;;;;
12,98;;;;
13,00;;;;
13,01;;;;
13,03;;;;
13,05;;;;
13,06;;;;
13,08;;;;
13,10;;;;
13,11;;;;
13,13;;;;
13,15;;;;
13,16;;;;
13,18;;;;
13,20;;;;
13,21;;;;
13,23;;;;
13,25;;;;
13,26;;;;
13,28;;;;
13,30;;;;
13,31;;;;
13,33;;;;
13,35;;;;
13,36;;;;
13,38;;;;
13,40;;;;
13,41;;;;
13,43;;;;
13,45;;;;
13,46;;;;
13,48;;;;
13,50;;;;
13,51;;;;
13,53;;;;
13,55;;;;
13,56;;;;
13,58;;;;
13,60;;;;
13,61;;;;
13,63;;;;
13,65;;;;
13,66;;;;
13,68;;;;
13,70;;;;
13,71;;;;
13,73;;;;
13,75;;;;
13,76;;;;
13,78;;;;
13,80;;;;
13,81;;;;
13,83;;;;
13,85;;;;
13,86;;;;
13,88;;;;
13,90;;;;
13,91;;;;
13,93;;;;
13,95;;;;
13,96;;;;
13,98;;;;
14,00;;;;
14,01;;;;
14,03;;;;
14,05;;;;
14,06;;;;
14,08;;;;
14,10;;;;
14,11;;;;
14,13;;;;
14,15;;;;
14,16;;;;
14,18;;;;
14,20;;;;
14,21;;;;
14,23;;;;
14,25;;;;
14,26;;;;
14,28;;;;
14,30;;;;
14,31;;;;
14,33;;;;
14,35;;;;
14,36;;;;
14,38;;;;
14,40;;;;
14,41;;;;
14,43;;;;
14,45;;;;
14,46;;;;
14,48;;;;
14,50;;;;
14,51;;;;
14,53;;;;
14,55;;;;
14,56;;;;
14,58;;;;
14,60;;;;
14,61;;;;
14,63;;;;
14,65;;;;
14,66;;;;
14,68;;;;
14,70;;;;
14,71;;;;
14,73;;;;
14,75;;;;
14,76;1145,5;393;885;
14,78;1143,5;385,5;886;
14,80;1143,5;379,5;887;
14,81;1143,5;374;888;
14,83;1143,5;369;889;
14,85;1142;364;890;
14,86;1142;361;891;
14,88;1142;357;892;
14,90;1141;354;893;
14,91;1141;352;894;
14,93;1140,5;349;895;
14,95;1140,5;348;896;
14,96;1139,5;348;897;
14,98;1139,5;347;898;
15,00;1139,5;347;899;
15,02;1137,5;348;900;
15,03;1137,5;350;901;
15,05;1137,5;351,5;902;
15,07;1137,5;353,5;903;
15,08;1137,5;356,5;904;
15,10;1136,5;360,5;905;
15,12;1136,5;365;906;
15,13;1135,5;370;907;
15,15;1135,5;375,5;908;
15,17;1134,5;380,5;909;
15,18;1134,5;388;910;
15,20;1134;394;911;
15,22;1134;402;912;
15,23;1133,5;409,5;913;
15,25;1134,5;418;914;
15,27;1127;427,5;915;
15,28;1112;432;916;
15,30;1097,5;438;917;
15,32;1082;443,5;918;
15,33;1067,5;452;919;
15,35;1054;459,5;920;
15,37;1039,5;468;921;
15,38;1025,5;477;922;
15,40;1012;486;923;
15,42;998;496,5;924;
15,43;988;496;925;
15,45;976,5;491;926;
15,47;968,5;489;927;
15,48;957,5;488;928;
15,50;944,5;487,5;929;
15,52;937,5;485;930;
15,53;928;485;931;
15,55;916,5;484,5;932;
15,57;909;487;933;
15,58;898;487;934;
15,60;889,5;490;935;
15,62;880,5;492;936;
15,63;870,5;494,5;937;
15,65;862;499;938;
15,67;853,5;504;939;
15,68;846;507,5;940;
15,70;833,5;515;941;
15,72;828;519;942;
15,73;819;526,5;943;
15,75;810,5;533;944;
15,77;803,5;539,5;945;
15,78;796;548,5;946;
15,80;788;556;947;
15,82;780;561,5;948;
15,83;774;558,5;949;
15,85;769,5;555,5;950;
15,87;765;552,5;951;
15,88;761;550,5;952;
15,90;771,5;540,5;953;
15,92;783;530,5;954;
15,93;794,5;521;955;
15,95;806,5;512,5;956;
15,97;818;503,5;957;
15,98;828;495;958;
16,00;839,5;489,5;959;
16,02;850;482,5;960;
16,03;862;476,5;961;
16,05;873,5;471,5;962;
16,07;885;467;963;
16,08;895;462,5;964;
16,10;905;459;965;
16,12;917;457;966;
16,13;926;456;967;
16,15;937,5;453;968;
16,17;948,5;453;969;
16,18;957,5;451;970;
16,20;967,5;451;971;
16,22;979;451;972;
16,23;989;453,5;973;
16,25;999;454;974;
16,27;1010;455,5;975;
16,28;1019;456,5;976;
16,30;1027,5;459,5;977;
16,32;1038,5;464,5;978;
16,33;1049;468,5;979;
16,35;1057,5;473;980;
16,37;1066;478;981;
16,38;1076,5;483,5;982;
16,40;1084,5;489;983;
16,42;1094,5;495;984;
16,43;1104,5;504,5;985;
16,45;1113;510,5;986;
16,47;1123,5;518;987;
16,48;1129,5;513;988;
16,50;1137,5;503,5;989;
16,52;1143,5;497;990;
16,53;1151;491;991;
16,55;1157,5;483,5;992;
16,57;1164;478;993;
16,58;1170;474,5;994;
16,60;1176,5;469,5;995;
16,62;1183,5;466,5;996;
16,63;1190;463,5;997;
16,65;1196,5;460;998;
16,67;1202,5;457;999;
16,68;1208,5;456;1000;
16,70;1216;456;1001;
16,72;1222;454,5;1002;
16,73;1229;456;1003;
16,75;1235,5;456;1004;
16,77;1214,5;460,5;1005;
16,78;1159,5;468,5;1006;
16,80;1102,5;477,5;1007;
16,82;1046,5;491;1008;
16,83;991;503,5;1009;
16,85;936;518,5;1010;
16,87;883;534;1011;
16,88;833,5;554,5;1012;
16,90;784;564;1013;
16,92;734;557,5;1014;
16,93;682,5;557,5;1015;
16,95;636,5;558,5;1016;
16,97;587,5;560;1017;
16,98;541,5;561;1018;
17,00;498,5;567,5;1019;
17,02;453;571,5;1020;
17,03;;;;
17,05;470,5;561;1022;
17,07;515,5;545;1023;
17,08;558,5;535;1024;
17,10;600;524,5;1025;
17,12;641;518;1026;
17,13;681;510,5;1027;
17,15;720;503;1028;
17,17;759,5;501;1029;
17,18;794;498,5;1030;
17,20;829;496;1031;
17,22;866,5;495,5;1032;
17,23;898;493;1033;
17,25;929,5;494,5;1034;
17,27;962,5;496,5;1035;
17,28;994,5;499,5;1036;
17,30;1024,5;503;1037;
17,32;1053;508;1038;
17,33;1082,5;513,5;1039;
17,35;1109,5;519;1040;
17,37;1136;509;1041;
17,38;1160,5;499,5;1042;
17,40;1186,5;489;1043;
17,42;1211;480;1044;
17,43;1233;475,5;1045;
17,45;1258,5;468;1046;
17,47;1281,5;463,5;1047;
17,48;1304;459;1048;
17,50;1329,5;456;1049;
17,52;1353;450,5;1050;
17,53;1373,5;450;1051;
17,55;1396;450;1052;
17,57;1418;448;1053;
17,58;1438,5;448;1054;
17,60;1462;450;1055;
17,62;1481,5;450;1056;
17,63;1502;453;1057;
17,65;1524;457;1058;
17,67;1542;460;1059;
17,68;1561;467;1060;
17,70;1581;472;1061;
17,72;1599;478;1062;
17,73;1617;484;1063;
17,75;1634;490,5;1064;
17,77;1651,5;498,5;1065;
17,78;1668,5;508;1066;
17,80;1685,5;518,5;1067;
17,82;1699,5;526;1068;
17,83;1717;538;1069;
17,85;1732;547,5;1070;
17,87;1747,5;558,5;1071;
17,88;1763;570;1072;
17,90;1773;581,5;1073;
17,92;;;;
17,93;;;;
17,95;1825;585;1076;
17,97;1841;574,5;1077;
17,98;1857;563,5;1078;
18,00;1873,5;554;1079;
18,02;1889;545,5;1080;
18,03;1906,5;537,5;1081;
18,05;1918;531;1082;
18,07;;;;
18,08;;;;
18,10;;;;
18,12;;;;
18,13;;;;
18,15;;;;
18,17;;;;
18,18;;;;
18,20;;;;
18,22;;;;
18,23;;;;
18,25;;;;
18,27;;;;
18,28;;;;
18,30;;;;
18,32;;;;
18,33;;;;
18,35;;;;
18,37;;;;
18,39;;;;
18,40;;;;
18,42;;;;
18,44;;;;
18,45;;;;
18,47;;;;
18,49;;;;
18,50;;;;
18,52;;;;
18,54;;;;
18,55;;;;
18,57;;;;
18,59;;;;
18,60;;;;
18,62;;;;
18,64;;;;
18,65;;;;
18,67;;;;
18,69;;;;
18,70;;;;
18,72;;;;
18,74;;;;
18,75;;;;
18,77;;;;
18,79;;;;
18,80;;;;
18,82;;;;
18,84;;;;
18,85;;;;
18,87;;;;
18,89;;;;
18,90;;;;
18,92;;;;
18,94;;;;
18,95;;;;
18,97;;;;
18,99;;;;
19,00;;;;
19,02;;;;
19,04;;;;
19,05;;;;
19,07;;;;
19,09;;;;
19,10;;;;
19,12;;;;
19,14;;;;
19,15;;;;
19,17;;;;
19,19;;;;
19,20;;;;
19,22;;;;
19,24;;;;
19,25;;;;
19,27;;;;
19,29;;;;
19,30;;;;
19,32;;;;
19,34;;;;
19,35;;;;
19,37;;;;
19,39;;;;
19,40;;;;
19,42;;;;
19,44;;;;
19,45;;;;
19,47;;;;
19,49;;;;
19,50;;;;
19,52;;;;
19,54;;;;
19,55;;;;
19,57;;;;
19,59;;;;
19,60;;;;
19,62;;;;
19,64;;;;
19,65;;;;
19,67;;;;
19,69;;;;
19,70;;;;
19,72;;;;
19,74;;;;
19,75;;;;
19,77;;;;
19,79;;;;
19,80;;;;
19,82;;;;
19,84;;;;
19,85;;;;
19,87;;;;
19,89;;;;
19,90;;;;
19,92;;;;
19,94;;;;
19,95;;;;
19,97;;;;
19,99;;;;
20,00;;;;
20,02;;;;
20,04;;;;
20,05;;;;
20,07;;;;
20,09;;;;
20,10;;;;
20,12;;;;
20,14;;;;
20,15;;;;
20,17;;;;
20,19;;;;
20,20;;;;
20,22;;;;
20,24;;;;
20,25;;;;
20,27;;;;
20,29;;;;
20,30;;;;
20,32;;;;
20,34;;;;
20,35;;;;
20,37;;;;
20,39;;;;
20,40;;;;
20,42;;;;
20,44;;;;
20,45;;;;
20,47;;;;
20,49;;;;
20,50;;;;
20,52;;;;
20,54;;;;
20,55;;;;
20,57;;;;
20,59;;;;
20,60;;;;
20,62;;;;
20,64;;;;
20,65;;;;
20,67;;;;
20,69;;;;
20,70;;;;
20,72;;;;
20,74;;;;
20,75;;;;
20,77;;;;
20,79;;;;
20,80;;;;
20,82;;;;
20,84;;;;
20,85;;;;
20,87;;;;
20,89;;;;
20,90;;;;
20,92;;;;
20,94;;;;
20,95;;;;
20,97;;;;
20,99;;;;
21,00;;;;
21,02;;;;
21,04;;;;
21,05;;;;
21,07;;;;
21,09;;;;
21,10;;;;
21,12;;;;
21,14;;;;
21,15;;;;
21,17;;;;
21,19;;;;
21,20;;;;
21,22;;;;
21,24;;;;
21,25;;;;
21,27;;;;
21,29;;;;
21,30;;;;
21,32;;;;
21,34;;;;
21,35;;;;
21,37;;;;
21,39;;;;
21,40;;;;
21,42;;;;
21,44;;;;
21,45;;;;
21,47;;;;
21,49;;;;
21,50;;;;
21,52;;;;
21,54;;;;
21,55;;;;
21,57;;;;
21,59;;;;
21,60;;;;
21,62;;;;
21,64;;;;
21,65;;;;
21,67;;;;
21,69;;;;
21,71;;;;
21,72;;;;
21,74;;;;
21,76;;;;
21,77;;;;
21,79;;;;
21,81;;;;
21,82;;;;
21,84;;;;
21,86;;;;
21,87;;;;
21,89;;;;
21,91;;;;
21,92;;;;
21,94;;;;
21,96;;;;
21,97;;;;
21,99;;;;
22,01;;;;
22,02;;;;
22,04;;;;
22,06;;;;
22,07;;;;
22,09;;;;
22,11;;;;
22,12;;;;
22,14;;;;
22,16;;;;
22,17;;;;
22,19;;;;
22,21;;;;
22,22;;;;
22,24;;;;
22,26;;;;
22,27;;;;
22,29;;;;
22,31;;;;
22,32;;;;
22,34;;;;
22,36;;;;
22,37;1137,5;384,5;1341;
22,39;1135,5;378;1342;
22,41;1135;371,5;1343;
22,42;1133,5;366;1344;
22,44;1132,5;361;1345;
22,46;1131,5;357;1346;
22,47;1129,5;352;1347;
22,49;1129,5;348,5;1348;
22,51;1127,5;345,5;1349;
22,52;1127,5;343,5;1350;
22,54;1125,5;341;1351;
22,56;1124;340;1352;
22,57;1124;340;1353;
22,59;1122,5;340;1354;
22,61;1122;340,5;1355;
22,62;1121;341,5;1356;
22,64;1120,5;343;1357;
22,66;1118,5;345,5;1358;
22,67;1117,5;348,5;1359;
22,69;1117,5;350;1360;
22,71;1115,5;355;1361;
22,72;1114,5;358,5;1362;
22,74;1114;364;1363;
22,76;1113,5;368;1364;
22,77;1112,5;374;1365;
22,79;1111,5;380;1366;
22,81;1111,5;389;1367;
22,82;1109,5;396,5;1368;
22,84;1108;403,5;1369;
22,86;1107,5;412;1370;
22,87;1106;421;1371;
22,89;1105;428;1372;
22,91;1102,5;435;1373;
22,92;1101,5;442;1374;
22,94;1099,5;449;1375;
22,96;1096;457,5;1376;
22,97;1094,5;466,5;1377;
22,99;1092;474,5;1378;
23,01;1089,5;484;1379;
23,02;1087,5;494,5;1380;
23,04;1084,5;506;1381;
23,06;1081;507;1382;
23,07;1079;504;1383;
23,09;1075;502;1384;
23,11;1071;501,5;1385;
23,12;1068,5;499;1386;
23,14;1065;499;1387;
23,16;1062,5;499;1388;
23,17;1059;499,5;1389;
23,19;1055,5;500;1390;
23,21;1050;502;1391;
23,22;1047,5;503;1392;
23,24;1043,5;506;1393;
23,26;1038,5;510;1394;
23,27;1034,5;514;1395;
23,29;1032;518;1396;
23,31;1027;524;1397;
23,32;1024;530;1398;
23,34;1020,5;535,5;1399;
23,36;1014,5;542;1400;
23,37;1012;549;1401;
23,39;1007;557,5;1402;
23,41;1002,5;567,5;1403;
23,42;999,5;574;1404;
23,44;994;575;1405;
23,46;989;571;1406;
23,47;984,5;568;1407;
23,49;979;565;1408;
23,51;977;564;1409;
23,52;;;;
23,54;;;;
23,56;;;;
23,57;977,5;544;1413;
23,59;982,5;537,5;1414;
23,61;987,5;534;1415;
23,62;990,5;528;1416;
23,64;994,5;524,5;1417;
23,66;999;519,5;1418;
23,67;1004,5;516;1419;
23,69;1006,5;510,5;1420;
23,71;1006;505;1421;
23,72;1005,5;498;1422;
23,74;1005,5;495;1423;
23,76;1006,5;490,5;1424;
23,77;1006,5;489;1425;
23,79;1007;483,5;1426;
23,81;1007;482,5;1427;
23,82;1006,5;479,5;1428;
23,84;1006,5;479,5;1429;
23,86;1006,5;479,5;1430;
23,87;1006,5;479,5;1431;
23,89;1006,5;479,5;1432;
23,91;1006,5;479,5;1433;
23,92;1006,5;481;1434;
23,94;1006,5;483,5;1435;
23,96;1006,5;486;1436;
23,97;1006,5;488;1437;
23,99;1006,5;492;1438;
24,01;1006,5;490,5;1439;
24,02;1004;483;1440;
24,04;1004;476,5;1441;
24,06;1002,5;472;1442;
24,07;1002;466,5;1443;
24,09;1000;460;1444;
24,11;999;456,5;1445;
24,12;998,5;453,5;1446;
24,14;996,5;451;1447;
24,16;996;449;1448;
24,17;995,5;446;1449;
24,19;994,5;444,5;1450;
24,21;993;444,5;1451;
24,22;991,5;444;1452;
24,24;990,5;444;1453;
24,26;989,5;444,5;1454;
24,27;988,5;447;1455;
24,29;986,5;449;1456;
24,31;985;448,5;1457;
24,32;984;445;1458;
24,34;984;441,5;1459;
24,36;984;441,5;1460;
24,37;984;441;1461;
24,39;982,5;440,5;1462;
24,41;982,5;442,5;1463;
24,42;983,5;446,5;1464;
24,44;983,5;450;1465;
24,46;983,5;456;1466;
24,47;984,5;462;1467;
24,49;984,5;469,5;1468;
24,51;985;478;1469;
24,52;986;486;1470;
24,54;987;495,5;1471;
24,56;988;508;1472;
24,57;988,5;520;1473;
24,59;991;532;1474;
24,61;992;544,5;1475;
24,62;992,5;560;1476;
24,64;994,5;575,5;1477;
24,66;997;590;1478;
24,67;998;608;1479;
24,69;999;626;1480;
24,71;1001;644,5;1481;
24,72;1005,5;662;1482;
24,74;1006;680,5;1483;
24,76;1008,5;700;1484;
24,77;1011,5;722,5;1485;
24,79;1013,5;745;1486;
24,81;1015;763,5;1487;
24,82;1018;786;1488;
24,84;1019,5;809,5;1489;
24,86;1024;832;1490;
24,87;1025;856,5;1491;
24,89;1028;881,5;1492;
24,91;1029;896;1493;
24,92;1031,5;892;1494;
24,94;1033,5;885,5;1495;
24,96;1036,5;880;1496;
24,97;1036,5;876,5;1497;
24,99;1038,5;872;1498;
25,01;1041,5;870,5;1499;
25,03;1043;870,5;1500;
25,04;1046,5;870;1501;
25,06;1048,5;869,5;1502;
25,08;1050,5;870,5;1503;
25,09;1052,5;873,5;1504;
25,11;1054,5;877;1505;
25,13;1057;880;1506;
25,14;1059,5;885,5;1507;
25,16;1062;890,5;1508;
25,18;1064,5;896,5;1509;
25,19;1068;904;1510;
25,21;1070;912;1511;
25,23;1072;921,5;1512;
25,24;1075;930;1513;
25,26;1078,5;940;1514;
25,28;1080,5;951,5;1515;
25,29;1084,5;964;1516;
25,31;1088;978,5;1517;
25,33;1090,5;992;1518;
25,34;1094,5;1008;1519;
25,36;1097,5;1021;1520;
25,38;1101;1037;1521;
25,39;1104;1052;1522;
25,41;1109,5;1069,5;1523;
25,43;;;;
25,44;;;;
25,46;;;;
25,48;;;;
25,49;;;;
25,51;;;;
25,53;;;;
25,54;;;;
25,56;;;;
25,58;;;;
25,59;;;;
25,61;;;;
25,63;;;;
25,64;;;;
25,66;;;;
25,68;;;;
25,69;;;;
25,71;;;;
25,73;;;;
25,74;;;;
25,76;;;;
25,78;;;;
25,79;;;;
25,81;;;;
25,83;;;;
25,84;;;;
25,86;;;;
25,88;;;;
25,89;;;;
25,91;;;;
25,93;;;;
25,94;;;;
25,96;;;;
25,98;;;;
25,99;;;;
26,01;;;;
26,03;;;;
26,04;;;;
26,06;;;;
26,08;;;;
26,09;;;;
26,11;;;;
26,13;;;;
26,14;;;;
26,16;;;;
26,18;;;;
26,19;;;;
26,21;;;;
26,23;;;;
26,24;;;;
26,26;;;;
26,28;;;;
26,29;;;;
26,31;;;;
26,33;;;;
26,34;;;;
26,36;;;;
26,38;;;;
26,39;;;;
26,41;;;;
26,43;;;;
26,44;;;;
26,46;;;;
26,48;;;;
26,49;;;;
26,51;;;;
26,53;;;;
26,54;;;;
26,56;;;;
26,58;;;;
26,59;;;;
26,61;;;;
26,63;;;;
26,64;;;;
26,66;;;;
26,68;;;;
26,69;;;;
26,71;;;;
26,73;;;;
26,74;;;;
26,76;;;;
26,78;;;;
26,79;;;;
26,81;;;;
26,83;;;;
26,84;;;;
26,86;;;;
26,88;;;;
26,89;;;;
26,91;;;;
26,93;;;;
26,94;;;;
26,96;;;;
26,98;;;;
26,99;;;;
27,01;;;;
27,03;;;;
27,04;;;;
27,06;;;;
27,08;;;;
27,09;;;;
27,11;;;;
27,13;;;;
27,14;;;;
27,16;;;;
27,18;;;;
27,19;;;;
27,21;;;;
27,23;;;;
27,24;;;;
27,26;;;;
27,28;;;;
27,29;;;;
27,31;;;;
27,33;;;;
27,34;;;;
27,36;;;;
27,38;;;;
27,39;;;;
27,41;;;;
27,43;;;;
27,44;;;;
27,46;;;;
27,48;;;;
27,49;;;;
27,51;;;;
27,53;;;;
27,54;;;;
27,56;;;;
27,58;;;;
27,59;;;;
27,61;;;;
27,63;;;;
27,64;;;;
27,66;;;;
27,68;;;;
27,69;;;;
27,71;;;;
27,73;;;;
27,74;;;;
27,76;;;;
27,78;;;;
27,79;;;;
27,81;;;;
27,83;;;;
27,84;;;;
27,86;;;;
27,88;;;;
27,89;;;;
27,91;;;;
27,93;;;;
27,94;;;;
27,96;;;;
27,98;;;;
27,99;;;;
28,01;;;;
28,03;;;;
28,04;;;;
28,06;;;;
28,08;;;;
28,09;;;;
28,11;;;;
28,13;;;;
28,14;;;;
28,16;;;;
28,18;;;;
28,19;;;;
28,21;;;;
28,23;;;;
28,24;;;;
28,26;;;;
28,28;;;;
28,29;788;493;1696;
28,31;787;466;1697;
28,33;786;437;1698;
28,34;783,5;408,5;1699;
28,36;780,5;383,5;1700;
28,38;779;359;1701;
28,40;776,5;332;1702;
28,41;775;309;1703;
28,43;772;285,5;1704;
28,45;770,5;265,5;1705;
28,46;767,5;242;1706;
28,48;766;220,5;1707;
28,50;765;201;1708;
28,51;761,5;182;1709;
28,53;760;163;1710;
28,55;758,5;146,5;1711;
28,56;757;131;1712;
28,58;754,5;113,5;1713;
28,60;754,5;98,5;1714;
28,61;752,5;84;1715;
28,63;750;68;1716;
28,65;750,5;57,5;1717;
28,66;747,5;46;1718;
28,68;747,5;32;1719;
28,70;744,5;20;1720;
28,71;743,5;13,5;1721;
28,73;;;;
28,75;;;;
28,76;;;;
28,78;;;;
28,80;;;;
28,81;;;;
28,83;;;;
28,85;;;;
28,86;;;;
28,88;;;;
28,90;;;;
28,91;;;;
28,93;;;;
28,95;;;;
28,96;;;;
28,98;;;;
29,00;;;;
29,01;;;;
29,03;;;;
29,05;;;;
29,06;;;;
29,08;;;;
29,10;;;;
29,11;;;;
29,13;;;;
29,15;;;;
29,16;;;;
29,18;;;;
29,20;;;;
29,21;;;;
29,23;;;;
29,25;;;;
29,26;708;18,5;1754;
29,28;708;28,5;1755;
29,30;708,5;39;1756;
29,31;706,5;52;1757;
29,33;705,5;65,5;1758;
29,35;705,5;78,5;1759;
29,36;703,5;90,5;1760;
29,38;703;103,5;1761;
29,40;703;118,5;1762;
29,41;701,5;133;1763;
29,43;700;148,5;1764;
29,45;699,5;165;1765;
29,46;698,5;182,5;1766;
29,48;697,5;199;1767;
29,50;696;214;1768;
29,51;696;232;1769;
29,53;694;252;1770;
29,55;694;269;1771;
29,56;693;289,5;1772;
29,58;692;307,5;1773;
29,60;691;327,5;1774;
29,61;690,5;348,5;1775;
29,63;688;370,5;1776;
29,65;688;391,5;1777;
29,66;688;410;1778;
29,68;686;431;1779;
29,70;686;451;1780;
29,71;684;477,5;1781;
29,73;682;499,5;1782;
29,75;682;519,5;1783;
29,76;682;543,5;1784;
29,78;685;556;1785;
29,80;699,5;552,5;1786;
29,81;714;549,5;1787;
29,83;730,5;545,5;1788;
29,85;744,5;545,5;1789;
29,86;756,5;545,5;1790;
29,88;772,5;543,5;1791;
29,90;786,5;545,5;1792;
29,91;798,5;546,5;1793;
29,93;812;549,5;1794;
29,95;826,5;552,5;1795;
29,96;837,5;554,5;1796;
29,98;851,5;557,5;1797;
30,00;864,5;551,5;1798;
30,01;876;539,5;1799;
30,03;888,5;534,5;1800;
30,05;899;524,5;1801;
30,06;913,5;518;1802;
30,08;924;512,5;1803;
30,10;936;507;1804;
30,11;949;500,5;1805;
30,13;959;497,5;1806;
30,15;970,5;496;1807;
30,16;983;491,5;1808;
30,18;993;492,5;1809;
30,20;1005;490;1810;
30,21;1014;488;1811;
30,23;1026,5;487,5;1812;
30,25;1038,5;489;1813;
30,26;1049;489,5;1814;
30,28;1060,5;490;1815;
30,30;1071,5;494,5;1816;
30,31;1082;497,5;1817;
30,33;1092;497,5;1818;
30,35;1103;504;1819;
30,36;1112,5;509;1820;
30,38;1122;503,5;1821;
30,40;1133,5;496;1822;
30,41;1142,5;490;1823;
30,43;1152;485,5;1824;
30,45;1161,5;480,5;1825;
30,46;1171;477;1826;
30,48;1179,5;473,5;1827;
30,50;1190,5;471,5;1828;
30,51;1201,5;468,5;1829;
30,53;1211;466,5;1830;
30,55;1219;465,5;1831;
30,56;1228;465,5;1832;
30,58;1239,5;465,5;1833;
30,60;1247,5;466;1834;
30,61;1251,5;467,5;1835;
30,63;1213,5;465,5;1836;
30,65;1171,5;466;1837;
30,66;1140;466,5;1838;
30,68;1105;468,5;1839;
30,70;1067,5;474;1840;
30,71;1030,5;479,5;1841;
30,73;998,5;485,5;1842;
30,75;967;492;1843;
30,76;936;501,5;1844;
30,78;901;511;1845;
30,80;871;521,5;1846;
30,81;840;531,5;1847;
30,83;810;544,5;1848;
30,85;778,5;558,5;1849;
30,86;749,5;571;1850;
30,88;722;582,5;1851;
30,90;687;578;1852;
30,91;659,5;574,5;1853;
30,93;;;;
30,95;668,5;558,5;1855;
30,96;702,5;550;1856;
30,98;733,5;540,5;1857;
31,00;765;532,5;1858;
31,01;790,5;524,5;1859;
31,03;818,5;518,5;1860;
31,05;843;514,5;1861;
31,06;871;511;1862;
31,08;896,5;508,5;1863;
31,10;925,5;507;1864;
31,11;935,5;511;1865;
31,13;940;512,5;1866;
31,15;941,5;517;1867;
31,16;944;520,5;1868;
31,18;944,5;524,5;1869;
31,20;945,5;529;1870;
31,21;946;535,5;1871;
31,23;948;540;1872;
31,25;950;535;1873;
31,26;951,5;531;1874;
31,28;953,5;531;1875;
31,30;957;528;1876;
31,31;959,5;528;1877;
31,33;960,5;528;1878;
31,35;965;527,5;1879;
31,36;966;529;1880;
31,38;968;531;1881;
31,40;971;532,5;1882;
31,41;973;534,5;1883;
31,43;975;538;1884;
31,45;977;541;1885;
31,46;979;545;1886;
31,48;981;551;1887;
31,50;985,5;551;1888;
31,51;987,5;548,5;1889;
31,53;991,5;545;1890;
31,55;994,5;544;1891;
31,56;999;542;1892;
31,58;1003,5;539;1893;
31,60;1005,5;540;1894;
31,61;1011;540;1895;
31,63;1013;540;1896;
31,65;1018;542,5;1897;
31,66;1022;543,5;1898;
31,68;1025,5;547,5;1899;
31,70;1029,5;550;1900;
31,72;1033;554;1901;
31,73;1037,5;559;1902;
31,75;1041;557;1903;
31,77;1044,5;554,5;1904;
31,78;1049,5;552,5;1905;
31,80;1053;551;1906;
31,82;1056,5;548,5;1907;
31,83;1060,5;548;1908;
31,85;1064,5;548;1909;
31,87;1068,5;548;1910;
31,88;1071,5;551;1911;
31,90;1075,5;553;1912;
31,92;1078,5;555,5;1913;
31,93;1082,5;558;1914;
31,95;1086,5;562;1915;
31,97;1090;564,5;1916;
31,98;1094,5;562;1917;
32,00;1097,5;559,5;1918;
32,02;1102;557;1919;
32,03;1105,5;556;1920;
32,05;1109,5;556;1921;
32,07;1114;556;1922;
32,08;1117;556,5;1923;
32,10;;;;
32,12;;;;
32,13;;;;
32,15;;;;
32,17;;;;
32,18;;;;
32,20;;;;
32,22;;;;
32,23;;;;
32,25;;;;
32,27;;;;
32,28;;;;
32,30;;;;
32,32;;;;
32,33;;;;
32,35;;;;
32,37;;;;
32,38;;;;
32,40;;;;
32,42;;;;
32,43;;;;
32,45;;;;
32,47;;;;
32,48;;;;
32,50;;;;
32,52;;;;
32,53;;;;
32,55;;;;
32,57;;;;
32,58;;;;
32,60;;;;
32,62;;;;
32,63;;;;
32,65;;;;
32,67;;;;
32,68;;;;
32,70;;;;
32,72;;;;
32,73;;;;
32,75;;;;
32,77;;;;
32,78;;;;
32,80;;;;
32,82;;;;
32,83;;;;
32,85;;;;
32,87;;;;
32,88;;;;
32,90;;;;
32,92;;;;
32,93;;;;
32,95;;;;
32,97;;;;
32,98;;;;
33,00;;;;
33,02;;;;
33,03;;;;
33,05;;;;
33,07;;;;
33,08;;;;
33,10;;;;
33,12;;;;
33,13;;;;
33,15;;;;
33,17;;;;
33,18;;;;
33,20;;;;
33,22;;;;
33,23;;;;
33,25;;;;
33,27;;;;
33,28;;;;
33,30;;;;
33,32;;;;
33,33;;;;
33,35;;;;
33,37;;;;
33,38;;;;
33,40;;;;
33,42;;;;
33,43;;;;
33,45;;;;
33,47;;;;
33,48;;;;
33,50;;;;
33,52;;;;
33,53;;;;
33,55;;;;
33,57;;;;
33,58;;;;
33,60;;;;
33,62;;;;
33,63;;;;
33,65;;;;
33,67;;;;
33,68;;;;
33,70;;;;
33,72;;;;
33,73;;;;
33,75;;;;
33,77;;;;
33,78;;;;
33,80;;;;
33,82;;;;
33,83;;;;
33,85;;;;
33,87;;;;
33,88;;;;
33,90;;;;
33,92;;;;
33,93;;;;
33,95;;;;
33,97;;;;
33,98;;;;
34,00;;;;
34,02;;;;
34,03;;;;
34,05;;;;
34,07;;;;
34,08;;;;
34,10;;;;
34,12;;;;
34,13;;;;
34,15;;;;
34,17;;;;
34,18;;;;
34,20;;;;
34,22;;;;
34,23;;;;
34,25;;;;
34,27;;;;
34,28;;;;
34,30;;;;
34,32;;;;
34,33;;;;
34,35;;;;
34,37;;;;
34,38;;;;
34,40;;;;
34,42;;;;
34,43;;;;
34,45;786,5;449;2065;
34,47;784;421,5;2066;
34,48;780,5;394;2067;
34,50;780;367;2068;
34,52;776,5;343;2069;
34,53;774,5;319,5;2070;
34,55;772,5;297;2071;
34,57;770,5;274,5;2072;
34,58;768,5;252;2073;
34,60;766,5;232;2074;
34,62;764;212;2075;
34,63;763,5;199;2076;
34,65;759,5;174,5;2077;
34,67;757,5;156;2078;
34,68;755,5;140;2079;
34,70;754;122;2080;
34,72;754,5;107,5;2081;
34,73;750;92,5;2082;
34,75;749,5;77,5;2083;
34,77;747,5;64,5;2084;
34,78;745,5;51;2085;
34,80;744;37,5;2086;
34,82;743,5;28,5;2087;
34,83;741,5;17,5;2088;
34,85;739,5;7,5;2089;
34,87;738;1,5;2090;
34,88;;;;
34,90;;;;
34,92;;;;
34,93;;;;
34,95;;;;
34,97;;;;
34,98;;;;
35,00;;;;
35,02;;;;
35,04;;;;
35,05;;;;
35,07;;;;
35,09;;;;
35,10;;;;
35,12;;;;
35,14;;;;
35,15;;;;
35,17;;;;
35,19;;;;
35,20;;;;
35,22;;;;
35,24;;;;
35,25;;;;
35,27;;;;
35,29;;;;
35,30;;;;
35,32;;;;
35,34;;;;
35,35;700;0,5;2119;
35,37;700;11,5;2120;
35,39;698;20,5;2121;
35,40;697;30,5;2122;
35,42;696;41;2123;
35,44;694,5;52;2124;
35,45;692,5;65,5;2125;
35,47;692,5;77,5;2126;
35,49;692,5;91,5;2127;
35,50;691,5;103;2128;
35,52;689,5;117,5;2129;
35,54;687,5;131;2130;
35,55;685;147;2131;
35,57;685,5;163;2132;
35,59;683,5;180,5;2133;
35,60;683;200;2134;
35,62;681,5;213,5;2135;
35,64;680,5;230,5;2136;
35,65;679;247;2137;
35,67;679;266;2138;
35,69;676,5;287;2139;
35,70;675,5;304,5;2140;
35,72;674,5;326;2141;
35,74;673,5;345,5;2142;
35,75;671;366,5;2143;
35,77;671;387,5;2144;
35,79;669,5;407,5;2145;
35,80;669;426,5;2146;
35,82;667;449;2147;
35,84;664,5;474;2148;
35,85;663,5;493,5;2149;
35,87;663;517;2150;
35,89;661,5;537,5;2151;
35,90;665;551,5;2152;
35,92;681,5;551,5;2153;
35,94;697,5;551;2154;
35,95;714,5;549;2155;
35,97;730;551,5;2156;
35,99;745,5;551,5;2157;
36,00;759,5;552,5;2158;
36,02;775;555,5;2159;
36,04;790;559;2160;
36,05;803;563;2161;
36,07;816;559,5;2162;
36,09;830,5;550,5;2163;
36,10;842,5;543,5;2164;
36,12;856;537;2165;
36,14;867,5;530,5;2166;
36,15;882;524;2167;
36,17;893,5;519;2168;
36,19;906,5;515;2169;
36,20;919;512;2170;
36,22;932,5;508;2171;
36,24;944;505,5;2172;
36,25;957,5;504;2173;
36,27;969;503,5;2174;
36,29;980,5;503;2175;
36,30;993,5;503,5;2176;
36,32;1005;505;2177;
36,34;1016;506;2178;
36,35;1027,5;507,5;2179;
36,37;1040;509,5;2180;
36,39;1050;513,5;2181;
36,40;1062;517,5;2182;
36,42;1070,5;517;2183;
36,44;1082,5;512;2184;
36,45;1093,5;505;2185;
36,47;1104;500,5;2186;
36,49;1114,5;495,5;2187;
36,50;1124;492;2188;
36,52;1134;490;2189;
36,54;1144;487,5;2190;
36,55;1153,5;485,5;2191;
36,57;1164,5;484,5;2192;
36,59;1173,5;483,5;2193;
36,60;1183,5;484;2194;
36,62;1184;483;2195;
36,64;1161;481,5;2196;
36,65;1140;480;2197;
36,67;1116,5;479,5;2198;
36,69;1097;480,5;2199;
36,70;1075,5;482;2200;
36,72;1055,5;482;2201;
36,74;1036;485;2202;
36,75;1015;488,5;2203;
36,77;997,5;492,5;2204;
36,79;977;497;2205;
36,80;959,5;501,5;2206;
36,82;939,5;509,5;2207;
36,84;920;516;2208;
36,85;904,5;523,5;2209;
36,87;886,5;531,5;2210;
36,89;869;541;2211;
36,90;851;550;2212;
36,92;834;561,5;2213;
36,94;816,5;572;2214;
36,95;801;577,5;2215;
36,97;785,5;573,5;2216;
36,99;771,5;571;2217;
37,00;758;572;2218;
37,02;;;;
37,04;;;;
37,05;;;;
37,07;;;;
37,09;819,5;518,5;2223;
37,10;843,5;509,5;2224;
37,12;865,5;500,5;2225;
37,14;890;491,5;2226;
37,15;909,5;484,5;2227;
37,17;930;478,5;2228;
37,19;949;474,5;2229;
37,20;970,5;473;2230;
37,22;988;468,5;2231;
37,24;1006,5;468;2232;
37,25;1023,5;468;2233;
37,27;1039,5;468;2234;
37,29;1056;468;2235;
37,30;1073;470;2236;
37,32;1087;475,5;2237;
37,34;1105,5;457;2238;
37,35;1120;446;2239;
37,37;1138,5;433;2240;
37,39;1131,5;427;2241;
37,40;1112;428;2242;
37,42;1095;427,5;2243;
37,44;1079,5;430,5;2244;
37,45;1062,5;431,5;2245;
37,47;1046;434;2246;
37,49;1029;439;2247;
37,50;1013,5;443,5;2248;
37,52;996,5;450,5;2249;
37,54;979,5;454;2250;
37,55;964,5;461,5;2251;
37,57;951,5;469,5;2252;
37,59;934,5;478;2253;
37,60;919,5;487;2254;
37,62;905,5;496;2255;
37,64;888,5;508;2256;
37,65;882,5;512;2257;
37,67;885,5;510;2258;
37,69;887,5;509;2259;
37,70;891;506,5;2260;
37,72;894,5;505;2261;
37,74;897;505;2262;
37,75;898,5;506;2263;
37,77;902,5;508,5;2264;
37,79;906;508,5;2265;
37,80;907,5;509,5;2266;
37,82;909,5;510,5;2267;
37,84;911;506;2268;
37,85;913,5;500,5;2269;
37,87;917;497,5;2270;
37,89;917,5;495,5;2271;
37,90;918;494,5;2272;
37,92;920;492;2273;
37,94;923;492;2274;
37,95;924,5;491,5;2275;
37,97;925,5;491,5;2276;
37,99;928;492;2277;
38,00;929,5;492,5;2278;
38,02;931,5;495,5;2279;
38,04;934;498;2280;
38,05;935;501;2281;
38,07;935,5;502,5;2282;
38,09;;;;
38,10;;;;
38,12;;;;
38,14;;;;
38,15;;;;
38,17;;;;
38,19;;;;
38,20;;;;
38,22;;;;
38,24;;;;
38,25;;;;
38,27;;;;
38,29;;;;
38,30;;;;
38,32;;;;
38,34;;;;
38,35;;;;
38,37;;;;
38,39;;;;
38,41;;;;
38,42;;;;
38,44;;;;
38,46;;;;
38,47;;;;
38,49;;;;
38,51;;;;
38,52;;;;
38,54;;;;
38,56;;;;
38,57;;;;
38,59;;;;
38,61;;;;
38,62;;;;
38,64;;;;
38,66;;;;
38,67;;;;
38,69;;;;
38,71;;;;
38,72;;;;
38,74;;;;
38,76;;;;
38,77;;;;
38,79;;;;
38,81;;;;
38,82;;;;
38,84;;;;
38,86;;;;
38,87;;;;
38,89;;;;
38,91;;;;
38,92;;;;
38,94;;;;
38,96;;;;
38,97;;;;
38,99;;;;
39,01;;;;
39,02;;;;
39,04;;;;
39,06;;;;
39,07;;;;
39,09;;;;
39,11;;;;
39,12;;;;
39,14;;;;
39,16;;;;
39,17;;;;
39,19;;;;
39,21;;;;
39,22;;;;
39,24;;;;
39,26;;;;
39,27;;;;
39,29;;;;
39,31;;;;
39,32;;;;
39,34;;;;
39,36;;;;
39,37;;;;
39,39;;;;
39,41;;;;
39,42;;;;
39,44;;;;
39,46;;;;
39,47;;;;
39,49;;;;
39,51;;;;
39,52;;;;
39,54;;;;
39,56;;;;
39,57;;;;
39,59;;;;
39,61;;;;
39,62;;;;
39,64;;;;
39,66;;;;
39,67;;;;
39,69;;;;
39,71;;;;
39,72;;;;
39,74;;;;
39,76;;;;
39,77;;;;
39,79;;;;
39,81;;;;
39,82;;;;
39,84;;;;
39,86;;;;
39,87;;;;
39,89;;;;
39,91;;;;
39,92;;;;
39,94;;;;
39,96;;;;
39,97;;;;
39,99;;;;
40,01;;;;
40,02;;;;
40,04;;;;
40,06;;;;
40,07;;;;
40,09;;;;
40,11;;;;
40,12;;;;
40,14;;;;
40,16;;;;
40,17;;;;
40,19;;;;
40,21;;;;
40,22;;;;
40,24;;;;
40,26;;;;
40,27;;;;
40,29;;;;
40,31;;;;
40,32;;;;
40,34;;;;
40,36;;;;
40,37;;;;
40,39;;;;
40,41;;;;
40,42;;;;
40,44;;;;
40,46;;;;
40,47;;;;
40,49;;;;
40,51;;;;
40,52;;;;
40,54;;;;
40,56;;;;
40,57;;;;
40,59;;;;
40,61;;;;
40,62;;;;
40,64;;;;
40,66;;;;
40,67;;;;
40,69;;;;
40,71;;;;
40,72;;;;
40,74;;;;
40,76;;;;
40,77;;;;
40,79;;;;
40,81;;;;
40,82;;;;
40,84;;;;
40,86;;;;
40,87;;;;
40,89;;;;
40,91;;;;
40,92;;;;
40,94;;;;
40,96;;;;
40,97;;;;
40,99;;;;
41,01;;;;
41,02;;;;
41,04;;;;
41,06;;;;
41,07;;;;
41,09;;;;
41,11;;;;
41,12;;;;
41,14;;;;
41,16;;;;
41,17;;;;
41,19;;;;
41,21;;;;
41,22;;;;
41,24;;;;
41,26;;;;
41,27;;;;
41,29;;;;
41,31;;;;
41,32;;;;
41,34;;;;
41,36;;;;
41,37;;;;
41,39;;;;
41,41;;;;
41,42;;;;
41,44;;;;
41,46;;;;
41,47;;;;
41,49;;;;
41,51;;;;
41,52;;;;
41,54;;;;
41,56;;;;
41,57;;;;
41,59;;;;
41,61;;;;
41,62;;;;
41,64;;;;
41,66;;;;
41,67;;;;
41,69;;;;
41,71;;;;
41,73;;;;
41,74;;;;
41,76;;;;
41,78;;;;
41,79;;;;
41,81;;;;
41,83;;;;
41,84;;;;
41,86;;;;
41,88;;;;
41,89;;;;
41,91;;;;
41,93;;;;
41,94;;;;
41,96;;;;
41,98;;;;
41,99;;;;
42,01;;;;
42,03;;;;
42,04;;;;
42,06;;;;
42,08;;;;
42,09;;;;
42,11;;;;
42,13;;;;
42,14;;;;
42,16;;;;
42,18;;;;
42,19;;;;
42,21;;;;
42,23;;;;
42,24;1146;375,5;2532;
42,26;1145,5;370,5;2533;
42,28;1145,5;365;2534;
42,29;1145,5;362;2535;
42,31;1145;357,5;2536;
42,33;1145;355;2537;
42,34;1143,5;352,5;2538;
42,36;1143,5;350,5;2539;
42,38;1143;350,5;2540;
42,39;1142,5;350;2541;
42,41;1142;349,5;2542;
42,43;1141,5;350,5;2543;
42,44;1141,5;351,5;2544;
42,46;1141;352,5;2545;
42,48;1140,5;355,5;2546;
42,49;1140;358;2547;
42,51;1140,5;361,5;2548;
42,53;1140,5;365;2549;
42,54;1140;369,5;2550;
42,56;1139,5;374;2551;
42,58;1139,5;380;2552;
42,59;1139,5;384;2553;
42,61;1139;393;2554;
42,63;1138;399,5;2555;
42,64;1139;407;2556;
42,66;1138;415;2557;
42,68;1138;424;2558;
42,69;1130,5;428,5;2559;
42,71;1122,5;435;2560;
42,73;1114;440;2561;
42,74;1107,5;445,5;2562;
42,76;1100,5;452,5;2563;
42,78;1091;461;2564;
42,79;1083,5;468,5;2565;
42,81;1077,5;476;2566;
42,83;1070;487,5;2567;
42,84;1065;496,5;2568;
42,86;1057;502;2569;
42,88;1052,5;500;2570;
42,89;1048,5;496,5;2571;
42,91;1044;495,5;2572;
42,93;1040,5;494;2573;
42,94;1036;492;2574;
42,96;1032,5;493;2575;
42,98;1029;493,5;2576;
42,99;1025,5;493,5;2577;
43,01;1020,5;496;2578;
43,03;1019;498;2579;
43,04;1014;499,5;2580;
43,06;1010,5;503,5;2581;
43,08;1007;508;2582;
43,09;1004;512;2583;
43,11;1000;516,5;2584;
43,13;997;522,5;2585;
43,14;994;529,5;2586;
43,16;991,5;535,5;2587;
43,18;988;542,5;2588;
43,19;984,5;550,5;2589;
43,21;981,5;558;2590;
43,23;979,5;565,5;2591;
43,24;978,5;564;2592;
43,26;978;561;2593;
43,28;978;558;2594;
43,29;978;558;2595;
43,31;977;556,5;2596;
43,33;976;556,5;2597;
43,34;975;556,5;2598;
43,36;975,5;558;2599;
43,38;974;559,5;2600;
43,39;;;;
43,41;;;;
43,43;1005,5;549;2603;
43,44;1027;540;2604;
43,46;1051,5;532;2605;
43,48;1077;521;2606;
43,49;1098;512,5;2607;
43,51;1120;507,5;2608;
43,53;1142;501,5;2609;
43,54;1163,5;498,5;2610;
43,56;1184,5;494;2611;
43,58;1205;492,5;2612;
43,59;1225,5;491;2613;
43,61;1245,5;491;2614;
43,63;1264;490;2615;
43,64;1283,5;491;2616;
43,66;1303;492,5;2617;
43,68;1320,5;495;2618;
43,69;1337,5;499;2619;
43,71;1356;503;2620;
43,73;1372,5;508,5;2621;
43,74;1388;513,5;2622;
43,76;1404,5;519;2623;
43,78;1419,5;527;2624;
43,79;1434,5;534;2625;
43,81;1447,5;541;2626;
43,83;1462,5;552;2627;
43,84;1476;561;2628;
43,86;1488,5;571,5;2629;
43,88;1503,5;582,5;2630;
43,89;1513,5;592,5;2631;
43,91;1526,5;604;2632;
43,93;1538,5;613;2633;
43,94;1549;599,5;2634;
43,96;1562,5;587,5;2635;
43,98;1573;576;2636;
43,99;1584;566;2637;
44,01;1597,5;556;2638;
44,03;1607,5;546,5;2639;
44,04;1617,5;537,5;2640;
44,06;1628;529,5;2641;
44,08;1639,5;522,5;2642;
44,09;1650;517;2643;
44,11;1659,5;510;2644;
44,13;1671;504,5;2645;
44,14;1680,5;500,5;2646;
44,16;1690;496,5;2647;
44,18;1700;494;2648;
44,19;1710,5;492;2649;
44,21;1719,5;489;2650;
44,23;1729;487,5;2651;
44,24;1738,5;488;2652;
44,26;1748;488;2653;
44,28;1758;489;2654;
44,29;1766,5;490;2655;
44,31;1774,5;491,5;2656;
44,33;1784,5;493,5;2657;
44,34;1793,5;496,5;2658;
44,36;1801,5;499,5;2659;
44,38;1811;504;2660;
44,39;1819;508,5;2661;
44,41;1826;513,5;2662;
44,43;1834,5;519,5;2663;
44,44;;;;
44,46;;;;
44,48;;;;
44,49;;;;
44,51;;;;
44,53;;;;
44,54;;;;
44,56;;;;
44,58;;;;
44,59;;;;
44,61;;;;
44,63;;;;
44,64;;;;
44,66;;;;
44,68;;;;
44,69;;;;
44,71;;;;
44,73;;;;
44,74;;;;
44,76;;;;
44,78;;;;
44,79;;;;
44,81;;;;
44,83;;;;
44,84;;;;
44,86;;;;
44,88;;;;
44,89;;;;
44,91;;;;
44,93;;;;
44,94;;;;
44,96;;;;
44,98;;;;
44,99;;;;
45,01;;;;
45,03;;;;
45,05;;;;
45,06;;;;
45,08;;;;
45,10;;;;
45,11;;;;
45,13;;;;
45,15;;;;
45,16;;;;
45,18;;;;
45,20;;;;
45,21;;;;
45,23;;;;
45,25;;;;
45,26;;;;
45,28;;;;
45,30;;;;
45,31;;;;
45,33;;;;
45,35;;;;
45,36;;;;
45,38;;;;
45,40;;;;
45,41;;;;
45,43;;;;
45,45;;;;
45,46;;;;
45,48;;;;
45,50;;;;
45,51;;;;
45,53;;;;
45,55;;;;
45,56;;;;
45,58;;;;
45,60;;;;
45,61;;;;
45,63;;;;
45,65;;;;
45,66;;;;
45,68;;;;
45,70;;;;
45,71;;;;
45,73;;;;
45,75;;;;
45,76;;;;
45,78;;;;
45,80;;;;
45,81;;;;
45,83;;;;
45,85;;;;
45,86;;;;
45,88;;;;
45,90;;;;
45,91;;;;
45,93;;;;
45,95;;;;
45,96;;;;
45,98;;;;
46,00;;;;
46,01;;;;
46,03;;;;
46,05;;;;
46,06;;;;
46,08;;;;
46,10;;;;
46,11;;;;
46,13;;;;
46,15;;;;
46,16;;;;
46,18;;;;
46,20;;;;
46,21;;;;
46,23;;;;
46,25;;;;
46,26;;;;
46,28;;;;
46,30;;;;
46,31;;;;
46,33;;;;
46,35;;;;
46,36;;;;
46,38;;;;
46,40;;;;
46,41;;;;
46,43;;;;
46,45;;;;
46,46;;;;
46,48;;;;
46,50;;;;
46,51;;;;
46,53;;;;
46,55;;;;
46,56;;;;
46,58;;;;
46,60;;;;
46,61;;;;
46,63;;;;
46,65;;;;
46,66;;;;
46,68;;;;
46,70;;;;
46,71;;;;
46,73;;;;
46,75;;;;
46,76;;;;
46,78;;;;
46,80;;;;
46,81;;;;
46,83;;;;
46,85;;;;
46,86;;;;
46,88;;;;
46,90;;;;
46,91;;;;
46,93;;;;
46,95;;;;
46,96;;;;
46,98;;;;
47,00;;;;
47,01;;;;
47,03;;;;
47,05;;;;
47,06;;;;
47,08;;;;
47,10;;;;
47,11;;;;
47,13;;;;
47,15;;;;
47,16;;;;
47,18;;;;
47,20;;;;
47,21;;;;
47,23;;;;
47,25;;;;
47,26;;;;
47,28;;;;
47,30;;;;
47,31;;;;
47,33;;;;
47,35;;;;
47,36;;;;
47,38;;;;
47,40;;;;
47,41;;;;
47,43;;;;
47,45;;;;
47,46;;;;
47,48;;;;
47,50;;;;
47,51;;;;
47,53;;;;
47,55;;;;
47,56;;;;
47,58;;;;
47,60;;;;
47,61;;;;
47,63;;;;
47,65;;;;
47,66;;;;
47,68;;;;
47,70;;;;
47,71;;;;
47,73;;;;
47,75;;;;
47,76;;;;
47,78;;;;
47,80;;;;
47,81;;;;
47,83;;;;
47,85;;;;
47,86;;;;
47,88;;;;
47,90;;;;
47,91;;;;
47,93;;;;
47,95;;;;
47,96;;;;
47,98;;;;
48,00;;;;
48,01;;;;
48,03;;;;
48,05;;;;
48,06;;;;
48,08;;;;
48,10;;;;
48,11;;;;
48,13;;;;
48,15;;;;
48,16;;;;
48,18;;;;
48,20;;;;
48,21;1134,5;369,5;2890;
48,23;1133;364,5;2891;
48,25;1132;359,5;2892;
48,26;1130,5;355;2893;
48,28;1130,5;352,5;2894;
48,30;1128,5;349;2895;
48,31;1128,5;347,5;2896;
48,33;1127;346,5;2897;
48,35;1126,5;344,5;2898;
48,36;1124,5;344,5;2899;
48,38;1124,5;344,5;2900;
48,40;1123;345,5;2901;
48,42;1122,5;346,5;2902;
48,43;1121,5;348;2903;
48,45;1120,5;349,5;2904;
48,47;1120;353;2905;
48,48;1118;356;2906;
48,50;1117;359,5;2907;
48,52;1116,5;363;2908;
48,53;1117,5;368,5;2909;
48,55;1117;374;2910;
48,57;1116;379;2911;
48,58;1115,5;385,5;2912;
48,60;1113,5;394;2913;
48,62;1111,5;403;2914;
48,63;1111;411;2915;
48,65;1110,5;417,5;2916;
48,67;1108,5;429;2917;
48,68;1107,5;435;2918;
48,70;1107,5;444;2919;
48,72;1106;453;2920;
48,73;1104,5;463;2921;
48,75;1101,5;473;2922;
48,77;1100,5;484,5;2923;
48,78;1098;495;2924;
48,80;1096,5;506,5;2925;
48,82;1093;505;2926;
48,83;1090,5;503;2927;
48,85;1087;502;2928;
48,87;1084;499;2929;
48,88;1080,5;499;2930;
48,90;1078,5;499,5;2931;
48,92;1075;500,5;2932;
48,93;1071,5;501;2933;
48,95;1067,5;502;2934;
48,97;1063,5;505;2935;
48,98;1061;507,5;2936;
49,00;1056,5;510;2937;
49,02;1053,5;514;2938;
49,03;1049,5;517,5;2939;
49,05;1045,5;524;2940;
49,07;1041;530,5;2941;
49,08;1037;536,5;2942;
49,10;1033;543;2943;
49,12;1029;550,5;2944;
49,13;1023,5;559,5;2945;
49,15;1020,5;568,5;2946;
49,17;1016,5;576,5;2947;
49,18;1011;586,5;2948;
49,20;1006;588;2949;
49,22;1003;586;2950;
49,23;997,5;581;2951;
49,25;992;579;2952;
49,27;987,5;578;2953;
49,28;982;576,5;2954;
49,30;977,5;575,5;2955;
49,32;973;576,5;2956;
49,33;968;577;2957;
49,35;963,5;578,5;2958;
49,37;957,5;580,5;2959;
49,38;953,5;581,5;2960;
49,40;948,5;584;2961;
49,42;;;;
49,43;960,5;562,5;2963;
49,45;969;549;2964;
49,47;981;534;2965;
49,48;989,5;525,5;2966;
49,50;997,5;514,5;2967;
49,52;1006;509;2968;
49,53;1015,5;502;2969;
49,55;1022,5;497;2970;
49,57;1030,5;494,5;2971;
49,58;1037,5;494;2972;
49,60;1044;476,5;2973;
49,62;1050,5;460;2974;
49,63;1055,5;446;2975;
49,65;1061;432,5;2976;
49,67;1066;423;2977;
49,68;1053;425;2978;
49,70;1041,5;430;2979;
49,72;1026;437,5;2980;
49,73;1012;443;2981;
49,75;998;450,5;2982;
49,77;984;459;2983;
49,78;968;470,5;2984;
49,80;954,5;480,5;2985;
49,82;942;490;2986;
49,83;929,5;500,5;2987;
49,85;913;513,5;2988;
49,87;902;526;2989;
49,88;902;524,5;2990;
49,90;907;524;2991;
49,92;915;522,5;2992;
49,93;921;522;2993;
49,95;928;522;2994;
49,97;935,5;522;2995;
49,98;943;522,5;2996;
50,00;949;520,5;2997;
50,02;955;519;2998;
50,03;962,5;517;2999;
50,05;968;516,5;3000;
50,07;975;516,5;3001;
50,08;980,5;516;3002;
50,10;986,5;518;3003;
50,12;993;515;3004;
50,13;998;514,5;3005;
50,15;1002;514,5;3006;
50,17;1009;513,5;3007;
50,18;1015;513,5;3008;
50,20;1020;513,5;3009;
50,22;1025;513,5;3010;
50,23;1030,5;512,5;3011;
50,25;1035;511;3012;
50,27;1040,5;509,5;3013;
50,28;1045;511;3014;
50,30;1049,5;511;3015;
50,32;1056,5;510,5;3016;
50,33;1059;510,5;3017;
50,35;1063;510,5;3018;
50,37;1069;510,5;3019;
50,38;1074;510,5;3020;
50,40;1078,5;510,5;3021;
50,42;1082,5;510,5;3022;
50,43;1085;509,5;3023;
50,45;1090,5;508,5;3024;
50,47;1093,5;509,5;3025;
50,48;1099;510,5;3026;
50,50;1104;508,5;3027;
50,52;1106;507;3028;
50,53;1111;508,5;3029;
50,55;1115;509;3030;
50,57;1119;509;3031;
50,58;1122,5;507;3032;
50,60;1124;507;3033;
50,62;1128,5;508,5;3034;
50,63;1132;508,5;3035;
50,65;1135;508,5;3036;
50,67;1137;509;3037;
50,68;1140;509;3038;
50,70;1143,5;509;3039;
50,72;1147,5;509;3040;
50,73;1149,5;510,25;3041;
50,75;1152,5;510,5;3042;
50,77;1155;510,5;3043;
50,78;1157,75;510,5;3044;
50,80;1160,5;511,5;3045;
50,82;1163,25;512,25;3046;
50,83;1165,5;512,25;3047;
50,85;1167,5;512,25;3048;
50,87;;;;
50,88;;;;
50,90;;;;
50,92;;;;
50,93;;;;
50,95;;;;
50,97;;;;
50,98;;;;
51,00;;;;
51,02;;;;
51,03;;;;
51,05;;;;
51,07;;;;
51,08;;;;
51,10;;;;
51,12;;;;
51,13;;;;
51,15;;;;
51,17;;;;
51,18;;;;
51,20;;;;
51,22;;;;
51,23;;;;
51,25;;;;
51,27;;;;
51,28;;;;
51,30;;;;
51,32;;;;
51,33;;;;
51,35;;;;
51,37;;;;
51,38;;;;
51,40;;;;
51,42;;;;
51,43;;;;
51,45;;;;
51,47;;;;
51,48;;;;
51,50;;;;
51,52;;;;
51,53;;;;
51,55;;;;
51,57;;;;
51,58;;;;
51,60;;;;
51,62;;;;
51,63;;;;
51,65;;;;
51,67;;;;
51,68;;;;
51,70;;;;
51,72;;;;
51,74;;;;
51,75;;;;
51,77;;;;
51,79;;;;
51,80;;;;
51,82;;;;
51,84;;;;
51,85;;;;
51,87;;;;
51,89;;;;
51,90;;;;
51,92;;;;
51,94;;;;
51,95;;;;
51,97;;;;
51,99;;;;
52,00;;;;
52,02;;;;
52,04;;;;
52,05;;;;
52,07;;;;
52,09;;;;
52,10;;;;
52,12;;;;
52,14;;;;
52,15;;;;
52,17;;;;
52,19;;;;
52,20;;;;
52,22;;;;
52,24;;;;
52,25;;;;
52,27;;;;
52,29;;;;
52,30;;;;
52,32;;;;
52,34;;;;
52,35;;;;
52,37;;;;
52,39;;;;
52,40;;;;
52,42;;;;
52,44;;;;
52,45;;;;
52,47;;;;
52,49;;;;
52,50;;;;
52,52;;;;
52,54;;;;
52,55;;;;
52,57;;;;
52,59;;;;
52,60;;;;
52,62;;;;
52,64;;;;
52,65;;;;
52,67;;;;
52,69;;;;
52,70;;;;
52,72;;;;
52,74;;;;
52,75;;;;
52,77;;;;
52,79;;;;
52,80;;;;
52,82;;;;
52,84;;;;
52,85;;;;
52,87;;;;
52,89;;;;
52,90;;;;
52,92;;;;
52,94;;;;
52,95;;;;
52,97;;;;
52,99;;;;
53,00;;;;
53,02;;;;
53,04;;;;
53,05;;;;
53,07;;;;
53,09;;;;
53,10;;;;
53,12;;;;
53,14;;;;
53,15;;;;
53,17;;;;
53,19;;;;
53,20;;;;
53,22;;;;
53,24;;;;
53,25;;;;
53,27;;;;
53,29;;;;
53,30;;;;
53,32;;;;
53,34;;;;
53,35;;;;
53,37;;;;
53,39;;;;
53,40;;;;
53,42;;;;
53,44;;;;
53,45;;;;
53,47;;;;
53,49;;;;
53,50;;;;
53,52;;;;
53,54;;;;
53,55;;;;
53,57;;;;
53,59;;;;
53,60;;;;
53,62;;;;
53,64;;;;
53,65;783;418,5;3216;
53,67;779,5;389;3217;
53,69;775,4355;364,366;3218;
53,70;772,2602;340,1544;3219;
53,72;769,4818;314,7519;3220;
53,74;765,1158;292,5248;3221;
53,75;763,5281;270,2977;3222;
53,77;761,5436;248,8644;3223;
53,79;757,5744;227,4311;3224;
53,80;755,9868;207,9824;3225;
53,82;753,2084;188,1367;3226;
53,84;750,8269;169,4818;3227;
53,85;748,0485;152,8115;3228;
53,87;744,8732;136,538;3229;
53,89;744,0794;120,6615;3230;
53,90;740,9041;103,9912;3231;
53,92;739,7133;89,70232;3232;
53,94;737,7288;74,61963;3233;
53,95;734,5535;61,5215;3234;
53,97;732,5689;47,62955;3235;
53,99;730,1874;36,11907;3236;
54,00;728,5998;25,40243;3237;
54,02;726,2183;15,87652;3238;
54,04;724,6307;5,556781;3239;
54,05;;;;
54,07;;;;
54,09;;;;
54,10;;;;
54,12;;;;
54,14;;;;
54,15;;;;
54,17;;;;
54,19;;;;
54,20;;;;
54,22;;;;
54,24;;;;
54,25;;;;
54,27;;;;
54,29;;;;
54,30;;;;
54,32;;;;
54,34;;;;
54,35;;;;
54,37;;;;
54,39;;;;
54,40;;;;
54,42;;;;
54,44;;;;
54,45;;;;
54,47;;;;
54,49;;;;
54,50;;;;
54,52;;;;
54,54;672,6351;4,762955;3269;
54,55;671,4443;13,49504;3270;
54,57;670,2536;23,41786;3271;
54,59;668,269;34,53142;3272;
54,60;667,0783;46,83572;3273;
54,62;665,8875;59,14002;3274;
54,64;663,5061;70,6505;3275;
54,65;662,3153;83,74862;3276;
54,67;661,9184;96,44983;3277;
54,69;660,3308;109,548;3278;
54,70;658,7431;124,2337;3279;
54,72;657,1555;139,3164;3280;
54,74;655,9647;155,5899;3281;
54,75;653,5832;173,4509;3282;
54,77;651,9956;187,7398;3283;
54,79;650,8049;204,0132;3284;
54,80;649,6141;222,6681;3285;
54,82;648,0265;240,5292;3286;
54,84;645,2481;257,1996;3287;
54,85;644,8512;278,6329;3288;
54,87;644,4542;297,2878;3289;
54,89;641,2789;316,3396;3290;
54,90;640,4851;334,9945;3291;
54,92;638,8975;355,634;3292;
54,94;637,7067;379,0518;3293;
54,95;635,3252;400,0882;3294;
54,97;635,3252;420,7277;3295;
54,99;634,9283;440,5733;3296;
55,00;632,1499;463,5943;3297;
55,02;631,3561;485,8214;3298;
55,04;627,7839;510,0331;3299;
55,06;627,387;531,4664;3300;
55,07;629,3716;551,312;3301;
55,09;648,0265;550,9151;3302;
55,11;666,6814;548,5336;3303;
55,12;684,1455;548,1367;3304;
55,14;703,9912;548,1367;3305;
55,16;722,6461;548,9305;3306;
55,17;737,3319;552,1058;3307;
55,19;754,0022;554,0904;3308;
55,21;770,2756;557,2657;3309;
55,22;786,5491;559,2503;3310;
55,24;803,6163;562,4256;3311;
55,26;819,0959;561,2348;3312;
55,27;834,5755;552,1058;3313;
55,29;848,4675;543,7707;3314;
55,31;860,7718;537,817;3315;
55,32;875,0606;531,4664;3316;
55,34;888,9526;525,9096;3317;
55,36;901,6538;522,3374;3318;
55,37;915,9427;517,1775;3319;
55,39;928,6439;515,1929;3320;
55,41;942,1389;511,2238;3321;
55,42;954,8401;509,2393;3322;
55,44;967,5413;507,2547;3323;
55,46;979,0518;506,8578;3324;
55,47;991,3561;504,8732;3325;
55,49;1003,264;503,6825;3326;
55,51;1015,965;503,6825;3327;
55,52;1027,872;505,2701;3328;
55,54;1040,97;506,0639;3329;
55,56;1051,29;507,2547;3330;
55,57;1062,404;509,6362;3331;
55,59;1074,708;512,8115;3332;
55,61;1085,821;516,3837;3333;
55,62;1097,332;520,7497;3334;
55,64;1107,652;519,1621;3335;
55,66;1117,574;513,2084;3336;
55,67;1127,1;507,2547;3337;
55,69;1136,229;502,8886;3338;
55,71;1146,152;498,5226;3339;
55,72;1156,075;494,5535;3340;
55,74;1165,204;493,3627;3341;
55,76;1170,364;490,9813;3342;
55,77;1162,822;486,2183;3343;
55,79;1154,884;484,6307;3344;
55,81;1148,534;482,2492;3345;
55,82;1141,389;481,8523;3346;
55,84;1134,642;479,8677;3347;
55,86;1128,688;479,8677;3348;
55,87;1122,337;479,8677;3349;
55,89;1113,605;481,4553;3350;
55,91;1109,636;481,8523;3351;
55,92;1101,698;483,4399;3352;
55,94;1095,347;485,4245;3353;
55,96;1089,791;487,806;3354;
55,97;1081,455;491,3782;3355;
55,99;1076,692;495,7442;3356;
56,01;1069,945;500,5072;3357;
56,02;1065,182;505,667;3358;
56,04;1059,228;510,43;3359;
56,06;1053,671;515,9868;3360;
56,07;1046,924;523,1312;3361;
56,09;1040,573;530,6725;3362;
56,11;1036,604;536,6262;3363;
56,12;1029,857;545,3583;3364;
56,14;1023,903;553,6935;3365;
56,16;1018,743;563,2194;3366;
56,17;1012,789;571,5546;3367;
56,19;1006,042;581,0805;3368;
56,21;1002,47;585,8434;3369;
56,22;998,8975;582,6681;3370;
56,24;995,3252;577,1114;3371;
56,26;992,5469;573,1422;3372;
56,27;988,9746;571,1577;3373;
56,29;985,7993;568,3793;3374;
56,31;983,4179;567,9824;3375;
56,32;979,0518;566,7916;3376;
56,34;977,0673;565,204;3377;
56,36;973,495;567,5854;3378;
56,37;970,7166;568,3793;3379;
56,39;967,5413;568,3793;3380;
56,41;965,5568;569,9669;3381;
56,42;961,9846;573,1422;3382;
56,44;958,4123;576,7144;3383;
56,46;954,8401;581,0805;3384;
56,47;952,4587;584,6527;3385;
56,49;950,4741;590,6064;3386;
56,51;947,6957;595,3693;3387;
56,52;;;;
56,54;956,0309;588,2249;3389;
56,56;964,763;574,7299;3390;
56,57;975,0827;561,6318;3391;
56,59;985,0055;549,3275;3392;
56,61;994,9283;537,817;3393;
56,62;1004,454;527,4972;3394;
56,64;1014,774;515,9868;3395;
56,66;1023,506;506,4609;3396;
56,67;1032,635;497,7288;3397;
56,69;1041,367;490,5843;3398;
56,71;1049,305;482,2492;3399;
56,72;1058,037;476,6924;3400;
56,74;1066,77;471,5325;3401;
56,76;1073,914;465,1819;3402;
56,77;1081,852;461,6097;3403;
56,79;1088,997;458,4344;3404;
56,81;1095,744;455,656;3405;
56,82;1103,682;453,2745;3406;
56,84;1110,43;452,4807;3407;
56,86;1118,368;450,8931;3408;
56,87;1124,322;450,8931;3409;
56,89;1130,673;450,8931;3410;
56,91;1137,023;452,0838;3411;
56,92;1142,977;452,8776;3412;
56,94;1148,534;454,8622;3413;
56,96;1155,281;457,6406;3414;
56,97;1160,838;461,6097;3415;
56,99;1166,395;465,9757;3416;
57,01;1171,555;470,7387;3417;
57,02;1175,127;475,5017;3418;
57,04;1182,271;482,2492;3419;
57,06;1187,034;487,0121;3420;
57,07;1191,797;495,7442;3421;
57,09;1194,576;492,9658;3422;
57,11;1199,735;480,2646;3423;
57,12;1201,72;469,9449;3424;
57,14;1206,086;462,0066;3425;
57,16;1210,055;451,6869;3426;
57,17;1214,024;443,3517;3427;
57,19;1216,406;437,0011;3428;
57,21;1209,261;437,7949;3429;
57,22;1196,957;445,3363;3430;
57,24;1184,653;454,0684;3431;
57,26;1171,951;462,8004;3432;
57,27;1158,853;474,7078;3433;
57,29;1145,755;485,4245;3434;
57,31;1133,451;496,935;3435;
57,32;1122,337;496,1411;3436;
57,34;1114,002;490,9813;3437;
57,36;1102,095;484,2337;3438;
57,37;1093,76;479,8677;3439;
57,39;1083,837;476,2955;3440;
57,41;1074,708;471,9294;3441;
57,42;1066,77;470,7387;3442;
57,44;1057,244;467,1665;3443;
57,46;1046,924;465,9757;3444;
57,47;1038,192;465,5788;3445;
57,49;1029,46;465,5788;3446;
57,51;1020,728;465,5788;3447;
57,52;1011,202;465,9757;3448;
57,54;1001,676;468,3572;3449;
57,56;994,5314;470,3418;3450;
57,57;984,6086;473,5171;3451;
57,59;976,2734;477,4862;3452;
57,61;967,5413;480,6615;3453;
57,62;958,4123;485,0276;3454;
57,64;951,2679;489,7905;3455;
57,66;941,3451;495,7442;3456;
57,67;933,4068;502,4917;3457;
57,69;923,0871;512,4146;3458;
57,71;915,9427;519,1621;3459;
57,72;908,4013;527,4972;3460;
57,74;901,6538;535,8324;3461;
57,76;893,7155;544,9614;3462;
57,77;884,9835;554,4873;3463;
57,79;877,839;548,5336;3464;
57,81;869,9008;544,1676;3465;
57,82;862,7563;539,4046;3466;
57,84;854,8181;535,8324;3467;
57,86;847,6736;530,2756;3468;
57,87;841,323;527,4972;3469;
57,89;833,3848;525,1158;3470;
57,91;827,0342;524,3219;3471;
57,92;819,4928;523,925;3472;
57,94;812,3484;522,7343;3473;
57,96;806,7916;523,1312;3474;
57,97;798,8534;523,925;3475;
57,99;792,1058;527,4972;3476;
58,01;785,3583;529,0849;3477;
58,02;778,6108;531,8633;3478;
58,04;772,6571;534,6417;3479;
58,06;763,925;539,0077;3480;
58,07;758,7652;541,7861;3481;
58,09;751,2238;547,3429;3482;
58,11;744,0794;553,6935;3483;
58,12;738,9195;560,441;3484;
58,14;732,9658;564,4101;3485;
58,16;732,172;560,8379;3486;
58,17;730,5843;556,075;3487;
58,19;730,5843;553,6935;3488;
58,21;730,5843;550,5182;3489;
58,22;729,7905;548,1367;3490;
58,24;729,7905;548,1367;3491;
58,26;729,7905;547,7398;3492;
58,27;729,7905;547,7398;3493;
58,29;728,5998;548,1367;3494;
58,31;728,2029;548,1367;3495;
58,32;727,806;550,1213;3496;
58,34;727,806;552,8997;3497;
58,36;727,409;555,6781;3498;
58,37;727,409;559,2503;3499;
58,39;727,409;562,4256;3500;
58,41;727,0121;565,6009;3501;
58,43;727,0121;571,5546;3502;
58,44;726,6152;577,5083;3503;
58,46;726,6152;579,4928;3504;
58,48;725,0276;573,5391;3505;
58,49;725,4245;565,9978;3506;
58,51;725,8214;562,4256;3507;
58,53;725,8214;556,4719;3508;
58,54;725,8214;554,0904;3509;
58,56;723,8368;551,312;3510;
58,58;725,0276;549,3275;3511;
58,59;723,043;548,1367;3512;
58,61;723,043;546,946;3513;
58,63;723,8368;545,3583;3514;
58,64;;;;
58,66;;;;
58,68;;;;
58,69;;;;
58,71;;;;
58,73;;;;
58,74;;;;
58,76;;;;
58,78;;;;
58,79;;;;
58,81;;;;
58,83;;;;
58,84;;;;
58,86;;;;
58,88;;;;
58,89;;;;
58,91;;;;
58,93;;;;
58,94;;;;
58,96;;;;
58,98;719,4708;564,8071;3535;
58,99;720,2646;570,3638;3536;
59,01;720,6615;578,3021;3537;
59,03;720,6615;579,0959;3538;
59,04;720,6615;573,5391;3539;
59,06;719,4708;568,3793;3540;
59,08;719,4708;563,6163;3541;
59,09;719,0739;559,2503;3542;
59,11;719,0739;556,075;3543;
59,13;718,28;554,0904;3544;
59,14;717,4862;551,7089;3545;
59,16;717,4862;550,1213;3546;
59,18;717,8831;549,7244;3547;
59,19;717,8831;548,9305;3548;
59,21;;;;
59,23;;;;
59,24;;;;
59,26;;;;
59,28;;;;
59,29;;;;
59,31;;;;
59,33;;;;
59,34;;;;
59,36;;;;
59,38;;;;
59,39;;;;
59,41;717,8831;553,2966;3561;
59,43;719,4708;556,4719;3562;
59,44;719,4708;560,8379;3563;
59,46;719,4708;565,9978;3564;
59,48;719,4708;569,9669;3565;
59,49;719,8677;575,9206;3566;
59,51;719,8677;579,4928;3567;
59,53;720,2646;574,333;3568;
59,54;719,8677;568,7762;3569;
59,56;719,8677;564,0132;3570;
59,58;719,4708;560,8379;3571;
59,59;719,4708;558,8534;3572;
59,61;719,4708;556,075;3573;
59,63;;;;
59,64;;;;
59,66;;;;
59,68;;;;
59,69;;;;
59,71;;;;
59,73;;;;
59,74;;;;
59,76;;;;
59,78;;;;
59,79;;;;
59,81;;;;
59,83;;;;
59,84;;;;
59,86;;;;
59,88;;;;
59,89;724,2337;557,6626;3590;
59,91;724,2337;560,441;3591;
59,93;724,2337;564,4101;3592;
59,94;724,6307;569,1731;3593;
59,96;726,6152;574,333;3594;
59,98;728,2029;581,0805;3595;
59,99;728,2029;579,8897;3596;
60,01;727,409;573,9361;3597;
60,03;727,409;568,7762;3598;
60,04;728,2029;565,9978;3599;
60,06;728,2029;562,8225;3600;
60,08;728,2029;561,6318;3601;
60,09;;;;
60,11;;;;
60,13;;;;
60,14;;;;
60,16;;;;
60,18;;;;
60,19;;;;
60,21;;;;
60,23;;;;
60,24;;;;
60,26;;;;
60,28;;;;
60,29;;;;
60,31;;;;
60,33;;;;
60,34;;;;
60,36;;;;
60,38;;;;
60,39;;;;
60,41;;;;
60,43;;;;
60,44;;;;
60,46;;;;
60,48;;;;
60,49;;;;
60,51;;;;
60,53;;;;
60,54;;;;
60,56;;;;
60,58;;;;
60,59;;;;
60,61;;;;
60,63;;;;
60,64;;;;
60,66;;;;
60,68;;;;
60,69;;;;
60,71;;;;
60,73;;;;
60,74;;;;
60,76;;;;
60,78;;;;
60,79;;;;
60,81;;;;
60,83;;;;
60,84;;;;
60,86;;;;
60,88;;;;
60,89;;;;
60,91;;;;
60,93;;;;
60,94;;;;
60,96;;;;
60,98;;;;
60,99;;;;
61,01;;;;
61,03;;;;
61,04;;;;
61,06;;;;
61,08;;;;
61,09;;;;
61,11;;;;
61,13;;;;
61,14;;;;
61,16;;;;
61,18;;;;
61,19;;;;
61,21;;;;
61,23;;;;
61,24;;;;
61,26;;;;
61,28;;;;
61,29;;;;
61,31;;;;
61,33;;;;
61,34;;;;
61,36;;;;
61,38;;;;
61,39;;;;
61,41;;;;
61,43;;;;
61,44;;;;
61,46;;;;
61,48;;;;
61,49;;;;
61,51;;;;
61,53;;;;
61,54;;;;
61,56;;;;
61,58;;;;
61,59;;;;
61,61;;;;
61,63;;;;
61,64;;;;
61,66;;;;
61,68;;;;
61,69;;;;
61,71;;;;
61,73;;;;
61,75;;;;
61,76;;;;
61,78;;;;
61,80;;;;
61,81;;;;
61,83;;;;
61,85;;;;
61,86;;;;
61,88;;;;
61,90;;;;
61,91;;;;
61,93;;;;
61,95;;;;
61,96;;;;
61,98;;;;
62,00;;;;
62,01;;;;
62,03;;;;
62,05;;;;
62,06;;;;
62,08;;;;
62,10;;;;
62,11;;;;
62,13;;;;
62,15;;;;
62,16;;;;
62,18;;;;
62,20;;;;
62,21;;;;
62,23;;;;
62,25;;;;
62,26;;;;
62,28;;;;
62,30;;;;
62,31;;;;
62,33;;;;
62,35;;;;
62,36;;;;
62,38;;;;
62,40;;;;
62,41;;;;
62,43;;;;
62,45;;;;
62,46;;;;
62,48;;;;
62,50;;;;
62,51;;;;
62,53;;;;
62,55;;;;
62,56;;;;
62,58;;;;
62,60;;;;
62,61;;;;
62,63;;;;
62,65;;;;
62,66;;;;
62,68;;;;
62,70;;;;
62,71;;;;
62,73;;;;
62,75;;;;
62,76;;;;
62,78;;;;
62,80;;;;
62,81;;;;
62,83;;;;
62,85;;;;
62,86;;;;
62,88;;;;
62,90;;;;
62,91;;;;
62,93;;;;
62,95;;;;
62,96;;;;
62,98;;;;
63,00;;;;
63,01;;;;
63,03;;;;
63,05;;;;
63,06;784,1676;417,5524;3780;
63,08;781,3892;389,3716;3781;
63,10;778,6108;365,5568;3782;
63,11;775,0386;340,5513;3783;
63,13;772,2602;314,355;3784;
63,15;768,2911;291,731;3785;
63,16;766,3065;270,6946;3786;
63,18;763,925;249,2613;3787;
63,20;760,7497;227,828;3788;
63,21;758,3682;206,3947;3789;
63,23;756,7806;188,1367;3790;
63,25;753,6053;169,4818;3791;
63,26;750,43;151,2238;3792;
63,28;750,0331;135,7442;3793;
63,30;746,4609;119,4708;3794;
63,31;744,0794;103,9912;3795;
63,33;743,2856;88,51158;3796;
63,35;740,5072;73,42889;3797;
63,36;739,3164;60,72767;3798;
63,38;737,3319;47,62955;3799;
63,40;735,7442;37,30981;3800;
63,41;734,1566;25,00551;3801;
63,43;731,7751;15,4796;3802;
63,45;730,1874;4,762955;3803;
63,46;;;;
63,48;;;;
63,50;;;;
63,51;;;;
63,53;;;;
63,55;;;;
63,56;;;;
63,58;;;;
63,60;;;;
63,61;;;;
63,63;;;;
63,65;;;;
63,66;;;;
63,68;;;;
63,70;;;;
63,71;;;;
63,73;;;;
63,75;;;;
63,76;;;;
63,78;;;;
63,80;;;;
63,81;;;;
63,83;;;;
63,85;;;;
63,86;;;;
63,88;;;;
63,90;;;;
63,91;;;;
63,93;;;;
63,95;681,3671;1,190739;3833;
63,96;680,5733;9,128997;3834;
63,98;678,5888;18,65491;3835;
64,00;678,1918;29,37155;3836;
64,01;675,8104;40,0882;3837;
64,03;674,6196;50,80485;3838;
64,05;671,8412;64,6968;3839;
64,06;671,4443;77,39802;3840;
64,08;669,8567;90,09923;3841;
64,10;667,8721;103,9912;3842;
64,11;667,4752;118,677;3843;
64,13;666,6814;133,7596;3844;
64,15;665,0937;147,2547;3845;
64,16;662,7122;163,5281;3846;
64,18;661,1246;180,1985;3847;
64,20;659,9338;196,8688;3848;
64,21;657,9493;214,333;3849;
64,23;656,7585;232,194;3850;
64,25;655,5678;249,2613;3851;
64,26;653,5832;268,3131;3852;
64,28;652,3925;287,7619;3853;
64,30;651,5987;306,4168;3854;
64,31;649,6141;327,4531;3855;
64,33;648,4234;344,5204;3856;
64,35;646,8357;365,5568;3857;
64,36;645,2481;387,7839;3858;
64,38;644,4542;409,2172;3859;
64,40;642,8666;429,0628;3860;
64,41;641,6759;450,0992;3861;
64,43;638,5006;473,5171;3862;
64,45;637,3098;495,7442;3863;
64,46;635,3252;519,1621;3864;
64,48;634,5314;540,1985;3865;
64,50;648,4234;546,5491;3866;
64,51;665,8875;544,9614;3867;
64,53;683,7486;544,9614;3868;
64,55;702,4035;546,1521;3869;
64,56;723,043;546,1521;3870;
64,58;739,3164;544,9614;3871;
64,60;757,5744;548,1367;3872;
64,61;771,8633;548,9305;3873;
64,63;787,7398;554,0904;3874;
64,65;805,6009;558,4564;3875;
64,66;820,6836;553,6935;3876;
64,68;835,3693;545,3583;3877;
64,70;850,0551;535,8324;3878;
64,71;864,344;529,8787;3879;
64,73;878,2359;523,1312;3880;
64,75;892,5248;517,1775;3881;
64,76;908,4013;512,4146;3882;
64,78;921,4994;509,2393;3883;
64,80;935,3914;505,2701;3884;
64,81;949,6803;498,9195;3885;
64,83;962,7784;498,9195;3886;
64,85;976,2734;497,3319;3887;
64,86;990,5623;494,9504;3888;
64,88;1001,676;494,5535;3889;
64,90;1015,568;494,5535;3890;
64,91;1028,269;494,5535;3891;
64,93;1041,367;496,538;3892;
64,95;1054,465;499,3164;3893;
64,96;1064,785;500,5072;3894;
64,98;1076,692;504,0794;3895;
65,00;1090,981;508,4454;3896;
65,01;1102,889;512,8115;3897;
65,03;1114,002;516,7806;3898;
65,05;1125,91;514,0022;3899;
65,07;1137,023;509,2393;3900;
65,08;1148,534;503,6825;3901;
65,10;1159,25;498,1257;3902;
65,12;1168,776;494,1566;3903;
65,13;1177,905;491,7751;3904;
65,15;1189,019;488,5998;3905;
65,17;1200,529;485,8214;3906;
65,18;1187,828;483,8368;3907;
65,20;1172,348;480,6615;3908;
65,22;1154,487;479,4708;3909;
65,23;1139,405;477,4862;3910;
65,25;1122,337;477,8831;3911;
65,27;1105,27;477,8831;3912;
65,28;1086,615;479,0739;3913;
65,30;1070,739;479,0739;3914;
65,32;1054,862;482,2492;3915;
65,33;1038,192;483,043;3916;
65,35;1024,3;485,8214;3917;
65,37;1008,026;490,1874;3918;
65,38;992,1499;491,3782;3919;
65,40;976,2734;495,7442;3920;
65,42;960;500,5072;3921;
65,43;944,5204;505,2701;3922;
65,45;929,8346;512,0176;3923;
65,47;915,9427;515,5899;3924;
65,48;898,8754;522,7343;3925;
65,50;883,7927;529,0849;3926;
65,52;870,2977;535,8324;3927;
65,53;854,8181;542,5799;3928;
65,55;838,1477;551,7089;3929;
65,57;824,2558;558,8534;3930;
65,58;809,9669;565,6009;3931;
65,60;798,4564;562,4256;3932;
65,62;784,9614;556,4719;3933;
65,63;775,4355;553,2966;3934;
65,65;762,3374;550,5182;3935;
65,67;753,6053;547,3429;3936;
65,68;740,9041;546,5491;3937;
65,70;728,9967;544,1676;3938;
65,72;717,4862;544,1676;3939;
65,73;706,3727;544,1676;3940;
65,75;696,0529;543,3738;3941;
65,77;685,3363;545,3583;3942;
65,78;675,0165;546,1521;3943;
65,80;663,1092;548,9305;3944;
65,82;652,3925;550,1213;3945;
65,83;643,2635;554,0904;3946;
65,85;628,9746;558,4564;3947;
65,87;651,5987;553,2966;3948;
65,88;705,1819;540,1985;3949;
65,90;763,5281;527,1003;3950;
65,92;820,6836;517,9713;3951;
65,93;872,2822;509,2393;3952;
65,95;923,484;504,4763;3953;
65,97;965,1599;501,6979;3954;
65,98;1021,125;498,5226;3955;
66,00;1068,754;499,3164;3956;
66,02;1112,811;499,3164;3957;
66,03;1154,884;503,2856;3958;
66,05;1198,942;507,2547;3959;
66,07;1235,854;508,0485;3960;
66,08;1280,309;490,5843;3961;
66,10;1322,778;478,28;3962;
66,12;1361,676;466,3727;3963;
66,13;1401,367;458,4344;3964;
66,15;1433,12;451,6869;3965;
66,17;1445,821;445,3363;3966;
66,18;1417,244;449,7023;3967;
66,20;1389,46;454,8622;3968;
66,22;1363,264;460,0221;3969;
66,23;1340,639;464,785;3970;
66,25;1317,222;470,3418;3971;
66,27;1288,644;477,0893;3972;
66,28;1266,02;485,0276;3973;
66,30;1241,808;493,7596;3974;
66,32;1216,803;505,2701;3975;
66,33;1194,179;514,0022;3976;
66,35;1174,73;523,925;3977;
66,37;1151,709;535,4355;3978;
66,38;1128,291;551,312;3979;
66,40;1117,971;554,4873;3980;
66,42;1117,971;552,1058;3981;
66,43;1119,956;547,7398;3982;
66,45;1120,353;546,1521;3983;
66,47;1122,337;543,3738;3984;
66,48;1122,734;542,5799;3985;
66,50;1123,131;541,7861;3986;
66,52;1124,719;541,7861;3987;
66,53;1126,307;541,3892;3988;
66,55;1127,894;542,183;3989;
66,57;1127,894;543,7707;3990;
66,58;1129,482;544,9614;3991;
66,60;1129,879;541,7861;3992;
66,62;1130,276;535,4355;3993;
66,63;1130,276;533,8479;3994;
66,65;1130,276;531,0695;3995;
66,67;1130,276;529,8787;3996;
66,68;1130,276;527,1003;3997;
66,70;1130,276;527,1003;3998;
66,72;1130,276;525,9096;3999;
66,73;1130,276;525,9096;4000;
66,75;1130,276;527,4972;4001;
66,77;1129,482;530,2756;4002;
66,78;1129,879;527,1003;4003;
66,80;1129,879;524,3219;4004;
66,82;1128,291;521,1466;4005;
66,83;1127,1;517,9713;4006;
66,85;1126,307;516,3837;4007;
66,87;1125,513;514,3991;4008;
66,88;1125,513;514,3991;4009;
66,90;1123,528;513,6053;4010;
66,92;1123,528;513,2084;4011;
66,93;1122,734;514,796;4012;
66,95;1121,544;514,796;4013;
66,97;1119,956;513,6053;4014;
66,98;1119,956;510,8269;4015;
67,00;1118,368;508,8423;4016;
67,02;1115,59;506,8578;4017;
67,03;1115,193;505,2701;4018;
67,05;1113,605;504,0794;4019;
67,07;1113,605;504,8732;4020;
67,08;1111,621;505,2701;4021;
67,10;1110,43;506,4609;4022;
67,12;1108,842;506,8578;4023;
67,13;1106,461;504,4763;4024;
67,15;;;;
67,17;;;;
67,18;;;;
67,20;;;;
67,22;;;;
67,23;;;;
67,25;;;;
67,27;;;;
67,28;;;;
67,30;;;;
67,32;;;;
67,33;;;;
67,35;;;;
67,37;;;;
67,38;;;;
67,40;;;;
67,42;;;;
67,43;;;;
67,45;;;;
67,47;;;;
67,48;;;;
67,50;;;;
67,52;;;;
67,53;;;;
67,55;;;;
67,57;;;;
67,58;;;;
67,60;;;;
67,62;;;;
67,63;;;;
67,65;;;;
67,67;;;;
67,68;;;;
67,70;;;;
67,72;;;;
67,73;;;;
67,75;;;;
67,77;;;;
67,78;;;;
67,80;;;;
67,82;;;;
67,83;;;;
67,85;;;;
67,87;;;;
67,88;;;;
67,90;;;;
67,92;;;;
67,93;;;;
67,95;;;;
67,97;;;;
67,98;;;;
68,00;;;;
68,02;;;;
68,03;;;;
68,05;;;;
68,07;;;;
68,08;;;;
68,10;;;;
68,12;;;;
68,13;;;;
68,15;;;;
68,17;;;;
68,18;;;;
68,20;;;;
68,22;;;;
68,23;;;;
68,25;;;;
68,27;;;;
68,28;;;;
68,30;;;;
68,32;;;;
68,33;;;;
68,35;;;;
68,37;;;;
68,38;;;;
68,40;;;;
68,42;;;;
68,44;;;;
68,45;;;;
68,47;;;;
68,49;;;;
68,50;;;;
68,52;;;;
68,54;;;;
68,55;;;;
68,57;;;;
68,59;;;;
68,60;;;;
68,62;;;;
68,64;;;;
68,65;;;;
68,67;;;;
68,69;;;;
68,70;;;;
68,72;;;;
68,74;;;;
68,75;;;;
68,77;;;;
68,79;;;;
68,80;;;;
68,82;;;;
68,84;;;;
68,85;;;;
68,87;;;;
68,89;;;;
68,90;;;;
68,92;;;;
68,94;;;;
68,95;;;;
68,97;;;;
68,99;;;;
69,00;;;;
69,02;;;;
69,04;;;;
69,05;;;;
69,07;;;;
69,09;;;;
69,10;;;;
69,12;;;;
69,14;;;;
69,15;;;;
69,17;;;;
69,19;;;;
69,20;;;;
69,22;;;;
69,24;;;;
69,25;;;;
69,27;;;;
69,29;;;;
69,30;;;;
69,32;;;;
69,34;;;;
69,35;;;;
69,37;;;;
69,39;;;;
69,40;;;;
69,42;;;;
69,44;;;;
69,45;;;;
69,47;;;;
69,49;;;;
69,50;;;;
69,52;;;;
69,54;;;;
69,55;;;;
69,57;;;;
69,59;;;;
69,60;;;;
69,62;;;;
69,64;;;;
69,65;;;;
69,67;;;;
69,69;;;;
69,70;;;;
69,72;;;;
69,74;;;;
69,75;;;;
69,77;;;;
69,79;;;;
69,80;;;;
69,82;;;;
69,84;;;;
69,85;;;;
69,87;;;;
69,89;;;;
69,90;;;;
69,92;;;;
69,94;;;;
69,95;;;;
69,97;783;419;4194;
69,99;779;390;4195;
70,00;776;362;4196;
70,02;773;337;4197;
70,04;771;312;4198;
70,05;767;287,5;4199;
70,07;765,5;265,5;4200;
70,09;762,5;243,5;4201;
70,10;759;220;4202;
70,12;757;200,5;4203;
70,14;755;180,5;4204;
70,15;751;162;4205;
70,17;749,5;142,5;4206;
70,19;746;125;4207;
70,20;745;106,5;4208;
70,22;742;93;4209;
70,24;740,5;77;4210;
70,25;738,5;63;4211;
70,27;736;47,5;4212;
70,29;732,5;35;4213;
70,30;731,5;22;4214;
70,32;727,5;9,5;4215;
70,34;728;1;4216;
70,35;;;;
70,37;;;;
70,39;;;;
70,40;;;;
70,42;;;;
70,44;;;;
70,45;;;;
70,47;;;;
70,49;;;;
70,50;;;;
70,52;;;;
70,54;;;;
70,55;;;;
70,57;;;;
70,59;;;;
70,60;;;;
70,62;;;;
70,64;;;;
70,65;;;;
70,67;;;;
70,69;;;;
70,70;;;;
70,72;;;;
70,74;;;;
70,75;;;;
70,77;;;;
70,79;;;;
70,80;;;;
70,82;;;;
70,84;;;;
70,85;;;;
70,87;;;;
70,89;;;;
70,90;;;;
70,92;668;2,5;4251;
70,94;667;13,5;4252;
70,95;663,5;24,5;4253;
70,97;662;37,5;4254;
70,99;660;51,5;4255;
71,00;658,5;64;4256;
71,02;658;77,5;4257;
71,04;657;92,5;4258;
71,05;655,5;106,5;4259;
71,07;653;121,5;4260;
71,09;652,5;138,5;4261;
71,10;651;153;4262;
71,12;649;172;4263;
71,14;647;187,5;4264;
71,15;646,5;204,5;4265;
71,17;643,5;222,5;4266;
71,19;642;241,5;4267;
71,20;641;261;4268;
71,22;639;279,5;4269;
71,24;638;301;4270;
71,25;636,5;320,5;4271;
71,27;635;341;4272;
71,29;632,5;362,5;4273;
71,30;631;386;4274;
71,32;629;406;4275;
71,34;627,5;430,5;4276;
71,35;624,5;450;4277;
71,37;623,5;474;4278;
71,39;621;498;4279;
71,40;619,5;519,5;4280;
71,42;619;541;4281;
71,44;635,5;543,5;4282;
71,45;656,5;541;4283;
71,47;673;539,5;4284;
71,49;694;539,5;4285;
71,50;712,5;539;4286;
71,52;728,5;539;4287;
71,54;745;541;4288;
71,55;764;541,5;4289;
71,57;782;544,5;4290;
71,59;799;548;4291;
71,60;816;551;4292;
71,62;832;553,5;4293;
71,64;848,5;558;4294;
71,65;864,5;556,5;4295;
71,67;880;548;4296;
71,69;894;541;4297;
71,70;908;534;4298;
71,72;921;530;4299;
71,74;935;524;4300;
71,76;949;520;4301;
71,77;961;516,5;4302;
71,79;974;512;4303;
71,81;988;509,5;4304;
71,82;1000,5;507,5;4305;
71,84;1014,5;506,5;4306;
71,86;1026,5;506,5;4307;
71,87;1039;506,5;4308;
71,89;1051,5;507,5;4309;
71,91;1063;508;4310;
71,92;1075,5;510;4311;
71,94;1088;512,5;4312;
71,96;1100,5;516,5;4313;
71,97;1112,5;519,5;4314;
71,99;1124,5;523;4315;
72,01;1136;524,5;4316;
72,02;1147;518,5;4317;
72,04;1155;512;4318;
72,06;1166;507,5;4319;
72,07;1176,5;504;4320;
72,09;1186;501;4321;
72,11;1195;496,5;4322;
72,12;1205;495;4323;
72,14;1214,5;492;4324;
72,16;1223;491,5;4325;
72,17;1232,5;492;4326;
72,19;1242;492;4327;
72,21;1251,5;492,5;4328;
72,22;1260;494;4329;
72,24;1269;495;4330;
72,26;1279;498,5;4331;
72,27;1287,5;500,5;4332;
72,29;1295,5;503,5;4333;
72,31;1305,5;508,5;4334;
72,32;1314,5;510,5;4335;
72,34;1320,5;506;4336;
72,36;1327,5;502;4337;
72,37;1332,5;498;4338;
72,39;1340,5;494,5;4339;
72,41;1342,5;493,5;4340;
72,42;1329;472,5;4341;
72,44;1315,5;455,5;4342;
72,46;1302;439;4343;
72,47;1288;422,5;4344;
72,49;1273;406;4345;
72,51;1258,5;391,5;4346;
72,52;1245;378;4347;
72,54;1231;368;4348;
72,56;1216,5;354,5;4349;
72,57;1204,5;345;4350;
72,59;1189,5;335,5;4351;
72,61;1174,5;325;4352;
72,62;1162,5;318;4353;
72,64;1147;310;4354;
72,66;1134,5;302,5;4355;
72,67;1121;297,5;4356;
72,69;1107;293;4357;
72,71;1093;288;4358;
72,72;1080;283;4359;
72,74;1066,5;281;4360;
72,76;1054;278;4361;
72,77;1040;277;4362;
72,79;1028;275,5;4363;
72,81;1015;276;4364;
72,82;1003;276;4365;
72,84;988;276,5;4366;
72,86;975,5;279;4367;
72,87;964,5;280,5;4368;
72,89;950;283;4369;
72,91;938;288;4370;
72,92;925,5;293;4371;
72,94;913,5;297;4372;
72,96;901;301;4373;
72,97;890;308,5;4374;
72,99;875,5;316;4375;
73,01;864,5;323;4376;
73,02;854;329,5;4377;
73,04;842;338,5;4378;
73,06;830;349;4379;
73,07;819;359;4380;
73,09;808;369,5;4381;
73,11;796,5;381;4382;
73,12;788;391;4383;
73,14;777,5;403;4384;
73,16;766;416;4385;
73,17;756,5;427,5;4386;
73,19;746;442,5;4387;
73,21;737;456,5;4388;
73,22;725,5;471,5;4389;
73,24;718,5;486,5;4390;
73,26;707,5;502,5;4391;
73,27;700;518;4392;
73,29;692;535,5;4393;
73,31;683;552,5;4394;
73,32;673,5;571,5;4395;
73,34;669,5;589;4396;
73,36;659,5;608,5;4397;
73,37;651;625;4398;
73,39;646;643;4399;
73,41;638;665,5;4400;
73,42;633;685;4401;
73,44;625,5;703;4402;
73,46;620;721,5;4403;
73,47;615;743;4404;
73,49;604,5;742;4405;
73,51;591,5;727;4406;
73,52;580,5;712;4407;
73,54;569,5;703;4408;
73,56;555,5;691;4409;
73,57;545,5;680;4410;
73,59;533,5;670,5;4411;
73,61;521,5;662;4412;
73,62;508,5;653;4413;
73,64;498,5;645,5;4414;
73,66;488;639,5;4415;